reference,lien,nom,Marque,image_url,boutique,Taille De L'ecran Pc,Résolution écran,Processeur,reference Processeur,Memoire RAM,CAPACITÉ DE DISQUE,Type de disque dur,Carte Graphique,Systeme D'exploitation,Gamer,prix
X515KA-EJ008,https://agora.tn/fr/pc-portable/16616-pc-portable-asus-x515ka-celeron-n4500u-4go-256go-ssd-silver.html,PC PORTABLE ASUS X515KA CELERON N4500U 4GO 256GO SSD SILVER,,https://agora.tn/fr/46133-home_default/pc-portable-asus-x515ka-celeron-n4500u-4go-256go-ssd-silver.jpg,agora,"15.6""",,Intel Celeron-Dual Core,,4 Go,256 Go SSD,,Graphique Intégrée,FreeDos,Non,"719,000 TND"
X1504VA-NJ520W,https://agora.tn/fr/pc-portable/15389-pc-portable-asus-vivobook-15-x1504va-i3-1315u-4go-256go-ssd-silver.html,PC PORTABLE ASUS VIVOBOOK 15 X1504VA I3-1315U 4GO 256GO SSD SILVER,,https://agora.tn/fr/43259-home_default/pc-portable-asus-vivobook-15-x1504va-i3-1315u-4go-256go-ssd-silver.jpg,agora,"15.6""",,Intel Core i3,,4 Go,256 Go SSD,,Graphique Intégrée,Windows,Non,"1 049,000 TND"
INS-3535-R5,https://agora.tn/fr/pc-portable/16867-pc-portable-dell-inspiron-3535-amd-rayzen-5-8go-512go-ssd-noird.html,PC PORTABLE DELL INSPIRON 3535 AMD RAYZEN 5 8GO 512GO SSD NOIRD,,https://agora.tn/fr/46775-home_default/pc-portable-dell-inspiron-3535-amd-rayzen-5-8go-512go-ssd-noird.jpg,agora,"15.6""",,AMD RYZEN 5,,8 Go,512 Go SSD,,AMD Radeon,FreeDos,Non,"1 169,000 TND"
X1504VA-NJ814W,https://agora.tn/fr/pc-portable/17170-pc-portable-asus-vivobook-15-i3-1315u-8go-512go-ssd-silver.html,PC PORTABLE ASUS VIVOBOOK 15 I3-1315U 8GO 512GO SSD SILVER,,https://agora.tn/fr/48086-home_default/pc-portable-asus-vivobook-15-i3-1315u-8go-512go-ssd-silver.jpg,agora,"15.6""",,Intel Core i3,,8 Go,512 Go SSD,,Graphique Intégrée,Windows 11,Non,"1 189,000 TND"
X1504VA-NJ518W,https://agora.tn/fr/pc-portable/16851-pc-portable-asus-vivobook-15-x1504va-i3-1315u-8go-512go-ssd-bleu.html,PC PORTABLE ASUS VIVOBOOK 15 X1504VA I3-1315U 8GO 512GO SSD BLEU,,https://agora.tn/fr/46686-home_default/pc-portable-asus-vivobook-15-x1504va-i3-1315u-8go-512go-ssd-bleu.jpg,agora,"15.6""",,Intel Core i3,,8 Go,512 Go SSD,,Graphique Intégrée,Windows,Non,"1 189,000 TND"
82VG00NXFG,https://agora.tn/fr/pc-portable/17267-pc-portable-lenovo-ideapad-115amn7-amd-rzn-5-16go-512go-ssd.html,PC PORTABLE LENOVO IDEAPAD 115AMN7 AMD RZN 5 16GO 512GO SSD,,https://agora.tn/fr/48300-home_default/pc-portable-lenovo-ideapad-115amn7-amd-rzn-5-16go-512go-ssd.jpg,agora,"15.6""",,AMD RYZEN 5,,16 Go,512 Go SSD,,Graphique Intégrée,Windows 11,Non,"1 319,000 TND"
845B6EA,https://agora.tn/fr/pc-portable/16861-pc-portable-hp-15-fc0003nk-ryzen-5-7520u-8-go-512-go-ssd-argent.html,PC PORTABLE HP 15-FC0003NK RYZEN 5 7520U 8 Go 512 GO SSD ARGENT,,https://agora.tn/fr/46711-home_default/pc-portable-hp-15-fc0003nk-ryzen-5-7520u-8-go-512-go-ssd-argent.jpg,agora,"15.6""",,AMD RYZEN 5,,8 Go,512 Go SSD,,AMD Radeon,Windows,Non,"1 519,000 TND"
82R400XKFG,https://agora.tn/fr/pc-portable/17050-pc-portable-lenovo-ideapad1-r7-5700u-8go-512go-ssd-156.html,"PC PORTABLE LENOVO IDEAPAD1 R7-5700U 8GO 512GO SSD 15.6""",,https://agora.tn/fr/47484-home_default/pc-portable-lenovo-ideapad1-r7-5700u-8go-512go-ssd-156.jpg,agora,"15.6""",,AMD RYZEN 7,,8 Go,512 Go SSD,,AMD Radeon,Windows,Non,"1 549,000 TND"
X1502VA-NJ561W,https://agora.tn/fr/pc-portable/17173-pc-portable-asus-vivobook-15-x1502va-i5-13420h-8go-512go-ssd-bleu.html,PC PORTABLE ASUS VIVOBOOK 15 X1502VA i5-13420H 8GO 512GO SSD BLEU,,https://agora.tn/fr/48053-home_default/pc-portable-asus-vivobook-15-x1502va-i5-13420h-8go-512go-ssd-bleu.jpg,agora,"15.6""",,Intel Core i5,,8 Go,512 Go SSD,,Intel UHD Intégrée,Windows 11,Non,"1 569,000 TND"
X1502VA-NJ722W,https://agora.tn/fr/pc-portable/17168-pc-portable-asus-vivobook-15-x1502va-i5-13420h-8go-512go-ssd-silver.html,PC PORTABLE ASUS VIVOBOOK 15 X1502VA I5-13420H 8GO 512GO SSD SILVER,,https://agora.tn/fr/48482-home_default/pc-portable-asus-vivobook-15-x1502va-i5-13420h-8go-512go-ssd-silver.jpg,agora,"15.6""",,Intel Core i5,,8 Go,512 Go SSD,,Graphique Intégrée,windows 11 famille,Non,"1 569,000 TND"
X1502VA-NJ147W,https://agora.tn/fr/pc-portable/15310-pc-portable-asus-vivobook-15-x1502va-i5-13500h-8go-512go-ssd-bleu.html,PC PORTABLE ASUS VIVOBOOK 15 X1502VA I5-13500H 8GO 512GO SSD BLEU,,https://agora.tn/fr/48478-home_default/pc-portable-asus-vivobook-15-x1502va-i5-13500h-8go-512go-ssd-bleu.jpg,agora,"15.6""",,Intel Core i5,,8 Go,512 Go SSD,,Graphique Intégrée,Windows,Non,"1 599,000 TND"
81W1017JFE,https://agora.tn/fr/pc-portable/11080-pc-portable-lenovo-ideapad-3-adm-ryzen-7-8go-512go-silver.html,PC PORTABLE LENOVO IDEAPAD 3 ADM RYZEN 7 8GO 512GO SILVER,,https://agora.tn/fr/37893-home_default/pc-portable-lenovo-ideapad-3-adm-ryzen-7-8go-512go-silver.jpg,agora,"15.6""",,AMD RYZEN 7,,4 Go,512 Go SSD,,AMD Radeon,Windows,Non,"1 599,000 TND"
INS-3535-R7,https://agora.tn/fr/pc-portable/16868-pc-portable-dell-inspiron-3535-16go-1to-ssd.html,PC PORTABLE DELL INSPIRON 3535 16Go 1To SSD,,https://agora.tn/fr/46782-home_default/pc-portable-dell-inspiron-3535-16go-1to-ssd.jpg,agora,"15.6""",,AMD RYZEN 7,,16 Go,1 To SSD,,AMD Radeon,FreeDos,Non,"1 779,000 TND"
6D6W0EA,https://agora.tn/fr/pc-portable/16863-pc-portable-hp-14s-dq5001nk-i5-1235u-8go-256go-ssd-silver.html,PC PORTABLE HP 14S-DQ5001NK I5-1235U 8GO 256GO SSD SILVER,,https://agora.tn/fr/46898-home_default/pc-portable-hp-14s-dq5001nk-i5-1235u-8go-256go-ssd-silver.jpg,agora,"14""",,Intel Core i5,,8 Go,256 Go,,Graphique Intégrée,Windows,Non,"1 799,000 TND"
735899-3510,https://agora.tn/fr/pc-portable/10666-pc-portable-dell-vostro-3510-i5-1135g7-4go-1to-mx350-noir.html,PC PORTABLE DELL VOSTRO 3510 I5-1135G7 4GO 1TO MX350 NOIR,,https://agora.tn/fr/36366-home_default/pc-portable-dell-vostro-3510-i5-1135g7-4go-1to-mx350-noir.jpg,agora,"15.6""",,Intel Core i5,,4 Go,1 To,,Nvidia GeForce,FreeDos,Non,"1 945,000 TND"
N7002VN3500EMEA03,https://agora.tn/fr/pc-portable/9610-pc-portable-dell-vostro-3500-i5-1135g7-4go-1to-mx330-noir.html,PC PORTABLE DELL VOSTRO 3500 I5-1135G7 4GO 1TO MX330 NOIR,,https://agora.tn/fr/32669-home_default/pc-portable-dell-vostro-3500-i5-1135g7-4go-1to-mx330-noir.jpg,agora,"15.6""",,Intel Core i5,,4 Go,1 To,,Nvidia GeForce,FreeDos,Non,"1 945,000 TND"
X1502VA-NJ654W,https://agora.tn/fr/pc-portable/17165-pc-portable-asus-vivobook-15-x1502va-i7-13620h-8go-512go-ssd-silver.html,PC PORTABLE ASUS VIVOBOOK 15 X1502VA I7-13620H 8GO 512GO SSD SILVER,,https://agora.tn/fr/48483-home_default/pc-portable-asus-vivobook-15-x1502va-i7-13620h-8go-512go-ssd-silver.jpg,agora,"15.6""",,Intel Core i7,,8 Go,512 Go SSD,,Intel Iris Xe,windows 11 famille,Non,"1 949,000 TND"
X1502VA-NJ563W,https://agora.tn/fr/pc-portable/17163-pc-portable-asus-vivobook-15-x1502va-i7-13620-8go-512go-ssd-bleu.html,PC PORTABLE ASUS VIVOBOOK 15 X1502VA I7-13620 8GO 512GO SSD BLEU,,https://agora.tn/fr/48044-home_default/pc-portable-asus-vivobook-15-x1502va-i7-13620-8go-512go-ssd-bleu.jpg,agora,"15.6""",,Intel Core i7,,8 Go,512 Go SSD,,Graphique Intégrée,Windows 11,Non,"1 949,000 TND"
82FG00QDFG,https://agora.tn/fr/pc-portable/11235-pc-portable-lenovo-ideapad-5-i5-1135g7-8go-512go-ssd-mx450-bleu.html,PC PORTABLE LENOVO IDEAPAD 5 I5-1135G7 8GO 512GO SSD MX450 BLEU,,https://agora.tn/fr/38484-home_default/pc-portable-lenovo-ideapad-5-i5-1135g7-8go-512go-ssd-mx450-bleu.jpg,agora,"15.6""",,Intel Core i5,,8 Go,512 Go SSD,,Nvidia GeForce,FreeDos,Non,"1 975,000 TND"
X1704VA-AU154W,https://agora.tn/fr/pc-portable/15700-pc-portable-asus-x1704va-i5-1335u-8go-512go-ssd-bleu.html,PC PORTABLE ASUS X1704VA I5-1335U 8GO 512GO SSD BLEU,,https://agora.tn/fr/44024-home_default/pc-portable-asus-x1704va-i5-1335u-8go-512go-ssd-bleu.jpg,agora,"17.3""",,Intel Core i5,,8 Go,512 Go SSD,,Graphique Intégrée,Windows,Non,"1 979,000 TND"
X1704VA-AU229W,https://agora.tn/fr/pc-portable/15699-pc-portable-asus-vivobook-17-x1704va-i5-1335u-8go-512go-ssd-silver.html,PC PORTABLE ASUS VIVOBOOK 17 X1704VA I5-1335U 8GO 512GO SSD SILVER,,https://agora.tn/fr/44009-home_default/pc-portable-asus-vivobook-17-x1704va-i5-1335u-8go-512go-ssd-silver.jpg,agora,"17.3""",,Intel Core i5,,8 Go,512 Go SSD,,Graphique Intégrée,Windows,Non,"1 979,000 TND"
X1502VA-NJ233W,https://agora.tn/fr/pc-portable/15378-pc-portable-asus-vivobook-15-x1502va-i7-13700h-8go-512go-ssd-silver.html,PC PORTABLE ASUS VIVOBOOK 15 X1502VA I7-13700H 8GO 512GO SSD SILVER,,https://agora.tn/fr/48484-home_default/pc-portable-asus-vivobook-15-x1502va-i7-13700h-8go-512go-ssd-silver.jpg,agora,"15.6""",,Intel Core i7,,8 Go,512 Go SSD,,Graphique Intégrée,Windows,Non,"1 999,000 TND"
X1502VA-NJ232W,https://agora.tn/fr/pc-portable/15374-pc-portable-asus-vivobook-15-x1502va-i7-13700h-8go-512go-ssd-bleu.html,PC PORTABLE ASUS VIVOBOOK 15 X1502VA I7-13700H 8GO 512GO SSD BLEU,,https://agora.tn/fr/48485-home_default/pc-portable-asus-vivobook-15-x1502va-i7-13700h-8go-512go-ssd-bleu.jpg,agora,"15.6""",,Intel Core i7,,8 Go,512 Go SSD,,Graphique Intégrée,Windows,Non,"1 999,000 TND"
N1601PVNB3530EMEA01_UBU,https://agora.tn/fr/pc-portable/16508-pc-portable-dell-vostro-3530-i7-1355u-8go-512go-ssd-noir.html,PC PORTABLE DELL VOSTRO 3530 I7-1355U 8GO 512GO SSD NOIR,,https://agora.tn/fr/46020-home_default/pc-portable-dell-vostro-3530-i7-1355u-8go-512go-ssd-noir.jpg,agora,"15.6""",,Intel Core i7,,8 Go,512 Go SSD,,Intel Iris Xe,Ubuntu,Non,"2 065,000 TND"
83EM00GRFG,https://agora.tn/fr/pc-portable/17053-pc-portable-lenovo-ideapad-s3-i7-13620h-16go-512go-ssd-gris.html,PC PORTABLE LENOVO IDEAPAD S3 I7-13620H 16GO 512GO SSD GRIS,,https://agora.tn/fr/47549-home_default/pc-portable-lenovo-ideapad-s3-i7-13620h-16go-512go-ssd-gris.jpg,agora,"15.6""",,Intel Core i7,,16 Go,512 Go SSD,,Graphique Intégrée,Windows,Non,"2 089,000 TND"
X1502VA-NJ256W,https://agora.tn/fr/pc-portable/15369-pc-portable-asus-vivobook-x1502va-i9-13900h-8go-512-go-ssd-bleu.html,PC PORTABLE ASUS VIVOBOOK X1502VA I9-13900H 8GO 512 GO SSD BLEU,,https://agora.tn/fr/43281-home_default/pc-portable-asus-vivobook-x1502va-i9-13900h-8go-512-go-ssd-bleu.jpg,agora,"15.6""",,Intel Core i9,,8 Go,512 Go SSD,,Graphique Intégrée,Windows,Non,"2 125,000 TND"
82R700K6FG,https://agora.tn/fr/pc-portable/16425-pc-portable-lenovo-ideapad-flex5-i5-1235u-8go-512go-ssd-gris.html,PC PORTABLE LENOVO IDEAPAD FLEX5 I5-1235U 8GO 512GO SSD GRIS,,https://agora.tn/fr/47560-home_default/pc-portable-lenovo-ideapad-flex5-i5-1235u-8go-512go-ssd-gris.jpg,agora,"14""",,Intel Core i5,,8 Go,512 Go SSD,,Intel Iris Xe,Windows 11,Non,"2 149,000 TND"
886K4EA,https://agora.tn/fr/pc-portable/16865-pc-portable-hp-15-fd0019nk-i7-8go-512-go-ssd-silver.html,PC PORTABLE HP 15-FD0019NK I7 8GO 512 Go SSD SILVER,,https://agora.tn/fr/46717-home_default/pc-portable-hp-15-fd0019nk-i7-8go-512-go-ssd-silver.jpg,agora,"15.6""",,Intel Core i7,,8 Go,512 Go SSD,,Graphique Intégrée,Windows 11,Non,"2 199,000 TND"
FA506NFR-HN005W,https://agora.tn/fr/pc-portable/16869-pc-portable-gamer-asus-tuf-a15-amd-rayzen-7-8go-512go-ssd-rtx2050-noir.html,PC PORTABLE GAMER ASUS TUF A15 AMD RAYZEN 7 8GO 512GO SSD RTX2050 NOIR,,https://agora.tn/fr/46790-home_default/pc-portable-gamer-asus-tuf-a15-amd-rayzen-7-8go-512go-ssd-rtx2050-noir.jpg,agora,"15.6""",,AMD RYZEN 7,,8 Go,512 Go SSD,,Nvidia GeForce,Windows 11,Oui,"2 249,000 TND"
9U175EA,https://agora.tn/fr/pc-portable-gamer/16632-pc-portable-gamer-hp-victus-15-fa1007nk-i5-13420h-8go-512go-ssd-rtx2050-silver-mica.html,PC PORTABLE GAMER HP VICTUS 15-FA1007NK I5-13420H 8GO 512GO SSD RTX2050 SILVER MICA,,https://agora.tn/fr/46224-home_default/pc-portable-gamer-hp-victus-15-fa1007nk-i5-13420h-8go-512go-ssd-rtx2050-silver-mica.jpg,agora,"15.6""",,Intel Core i5,,8 Go,512 Go SSD,,Nvidia GeForce,Android,Oui,"2 259,000 TND"
9S7-16R831-2607,https://agora.tn/fr/pc-portable-gaming/16768-pc-portable-gaming-msi-thin-15-b13ucx-i5-13420h-8go-512go-ssd-rtx2050.html,PC PORTABLE GAMING MSI THIN 15 B13UCX I5-13420H 8GO 512GO SSD RTX2050,,https://agora.tn/fr/46479-home_default/pc-portable-gaming-msi-thin-15-b13ucx-i5-13420h-8go-512go-ssd-rtx2050.jpg,agora,"15.6""",,Intel Core i5,,8 Go,512 Go SSD,,Nvidia GeForce,FreeDos,Oui,"2 299,000 TND"
7J0G9EA,https://agora.tn/fr/pc-portable/16864-pc-portable-hp-14s-dq5005nk-i7-1255u-16go-512go-ssd-argent.html,PC PORTABLE HP 14S-DQ5005NK I7-1255U 16GO  512Go SSD ARGENT,,https://agora.tn/fr/46721-home_default/pc-portable-hp-14s-dq5005nk-i7-1255u-16go-512go-ssd-argent.jpg,agora,"14""",,Intel Core i7,,8 Go,512 Go SSD,,Graphique Intégrée,Windows,Non,"2 390,000 TND"
V3607VJ-RP086,https://agora.tn/fr/pc-portable-gamer/17174-pc-portable-gamer-asus-v16-v3607vj-intel-5-210h-8go-512go-ssd-rtx3050.html,PC PORTABLE GAMER ASUS V16 V3607VJ INTEL 5 210H 8GO 512GO SSD RTX3050,,https://agora.tn/fr/48059-home_default/pc-portable-gamer-asus-v16-v3607vj-intel-5-210h-8go-512go-ssd-rtx3050.jpg,agora,"15.6""",,Intel Core i5,,8 Go,512 Go SSD,,Nvidia GeForce,Windows 11,Oui,"2 399,000 TND"
3530-I5-512SSD,https://agora.tn/fr/pc-portable/14892-pc-portable-dell-latitude-3530-i5-1235u-8go-512go-ssd-noir.html,PC PORTABLE DELL LATITUDE 3530 I5-1235U 8GO 512GO SSD NOIR,,https://agora.tn/fr/42148-home_default/pc-portable-dell-latitude-3530-i5-1235u-8go-512go-ssd-noir.jpg,agora,"15.6""",,Intel Core i5,,8 Go,512 Go SSD,,Graphique Intégrée,FreeDos,Non,"2 399,000 TND"
83LK006VFG,https://agora.tn/fr/pc-portable-gaming/17057-pc-portable-lenovo-loq-i5-12450hx-rtx-3050.html,PC PORTABLE LENOVO LOQ I5-12450HX RTX 3050,,https://agora.tn/fr/47498-home_default/pc-portable-lenovo-loq-i5-12450hx-rtx-3050.jpg,agora,"15.6""",,Intel Core i5,,16 Go,512 Go SSD,,Nvidia GeForce,windows 11 famille,Oui,"2 439,000 TND"
845B2EA,https://agora.tn/fr/pc-portable-gaming/17112-pc-portable-hp-victus-gaming-15-fa1003nk-i5-13gen-16go-512go-ssd-rtx3050.html,PC PORTABLE HP VICTUS GAMING 15-FA1003NK I5 13GEN 16GO 512GO SSD RTX3050,,https://agora.tn/fr/47825-home_default/pc-portable-hp-victus-gaming-15-fa1003nk-i5-13gen-16go-512go-ssd-rtx3050.jpg,agora,"15.6""",,Intel Core i5,,16 Go,512 Go SSD,,Nvidia GeForce,Windows 11,Oui,"2 469,000 TND"
82XX00ALFG,https://agora.tn/fr/pc-portable/15635-pc-portable-lenovo-ideapad-flex-5-14abr8-adm-ryzen-7-gris.html,PC PORTABLE LENOVO IDEAPAD FLEX 5 14ABR8 ADM RYZEN 7 GRIS,,https://agora.tn/fr/43922-home_default/pc-portable-lenovo-ideapad-flex-5-14abr8-adm-ryzen-7-gris.jpg,agora,"14""",,AMD RYZEN 7,,16 Go,512 Go SSD,,AMD Radeon,Windows 11,Non,"2 659,000 TND"
82R700NCFG,https://agora.tn/fr/pc-portable/16423-pc-portable-lenovo-ideapad-flex-5-i7-1255u-8go-512go-ssd.html,PC PORTABLE LENOVO IDEAPAD FLEX 5 I7-1255U 8GO 512GO SSD,,https://agora.tn/fr/45748-home_default/pc-portable-lenovo-ideapad-flex-5-i7-1255u-8go-512go-ssd.jpg,agora,"14""",,Intel Core i7,,8 Go,512 Go SSD,,Graphique Intégrée,Windows,Non,"2 679,000 TND"
5430I5-8G-3Y,https://agora.tn/fr/pc-portable/14376-pc-portable-dell-latitude-5430-i5-1235u-8go-512go-ssd-gris.html,PC PORTABLE DELL LATITUDE 5430 I5-1235U 8GO 512GO SSD GRIS,,https://agora.tn/fr/40970-home_default/pc-portable-dell-latitude-5430-i5-1235u-8go-512go-ssd-gris.jpg,agora,"14""",,Intel Core i5,,8 Go,512 Go SSD,,Graphique Intégrée,FreeDos,Non,"2 745,000 TND"
83LK006QFG,https://agora.tn/fr/pc-portable/17055-pc-portable-lenovo-loq-i5-12450hx-16go-512go-ssd-rtx4050-156.html,"PC PORTABLE LENOVO LOQ I5-12450HX 16GO 512GO SSD RTX4050 15.6""",,https://agora.tn/fr/48312-home_default/pc-portable-lenovo-loq-i5-12450hx-16go-512go-ssd-rtx4050-156.jpg,agora,"15.6""",,Intel Core i5,,16 Go,512 Go SSD,,Nvidia GeForce,Windows,Oui,"2 789,000 TND"
5440-I5512,https://agora.tn/fr/pc-portable/14847-pc-portable-dell-latitude-5440-i5-1335u-8go-512go-ssd-gris.html,PC PORTABLE DELL LATITUDE 5440 I5-1335U 8GO 512GO SSD GRIS,,https://agora.tn/fr/41997-home_default/pc-portable-dell-latitude-5440-i5-1335u-8go-512go-ssd-gris.jpg,agora,"14""",,Intel Core i5,,8 Go,512 Go SSD,,Graphique Intégrée,FreeDos,Non,"2 799,000 TND"
83LK006TFG,https://agora.tn/fr/pc-portable/17056-pc-portable-lenovo-loq-i7-12650hx-16go-512go-ssd-rtx4050-gris.html,PC PORTABLE LENOVO LOQ I7-12650HX 16GO 512GO SSD RTX4050 GRIS,,https://agora.tn/fr/47493-home_default/pc-portable-lenovo-loq-i7-12650hx-16go-512go-ssd-rtx4050-gris.jpg,agora,"15.6""",,Intel Core i7,,16 Go,512 Go SSD,,Nvidia GeForce,Windows,Oui,"2 899,000 TND"
886J0EA,https://agora.tn/fr/pc-portable/16492-pc-portable-hp-x360-2en1-14-ek1006nk-i7-1355u-16go-512go-ssd-silver.html,PC PORTABLE HP X360 2EN1 14-EK1006NK I7-1355U 16GO 512GO SSD SILVER,,https://agora.tn/fr/46729-home_default/pc-portable-hp-x360-2en1-14-ek1006nk-i7-1355u-16go-512go-ssd-silver.jpg,agora,"14""",,AMD RYZEN 7,,16 Go,512 Go SSD,,Graphique Intégrée,Windows,Non,"2 909,000 TND"
TP3402VA-LZ264W,https://agora.tn/fr/pc-portable/15702-pc-portable-asus-vivobook-s14-flip-i7-13700h-8go-512go-ssd-silver.html,PC PORTABLE ASUS VIVOBOOK S14 FLIP I7-13700H 8GO 512GO SSD SILVER,,https://agora.tn/fr/44060-home_default/pc-portable-asus-vivobook-s14-flip-i7-13700h-8go-512go-ssd-silver.jpg,agora,"14""",,Intel Core i7,,8 Go,512 Go SSD,,Graphique Intégrée,Windows,Non,"3 059,000 TND"
9S7-15K111-681,https://agora.tn/fr/pc-portable-gamer/16824-pc-portable-gamer-msi-cyborg-15-i5-13420h-rtx-4050.html,PC PORTABLE GAMER MSI CYBORG 15 i5-13420H RTX 4050,,https://agora.tn/fr/46558-home_default/pc-portable-gamer-msi-cyborg-15-i5-13420h-rtx-4050.jpg,agora,"15.6""",,Intel Core i5,,16 Go,512 Go SSD,,Nvidia GeForce,windows 11 famille,Oui,"3 089,000 TND"
TP3402VA-LZ263W,https://agora.tn/fr/pc-portable/15704-pc-portable-asus-vivobook-s14-flip-i9-13900h-8go-512go-ssd-silver.html,PC PORTABLE ASUS VIVOBOOK S14 FLIP I9-13900H 8GO 512GO SSD SILVER,,https://agora.tn/fr/44064-home_default/pc-portable-asus-vivobook-s14-flip-i9-13900h-8go-512go-ssd-silver.jpg,agora,"14""",,Intel Core i9,,8 Go,512 Go SSD,,Graphique Intégrée,Windows,Non,"3 235,000 TND"
9S7-17L541-1439,https://agora.tn/fr/pc-portable-gaming/17075-pc-portable-gamer-msi-katana-17-i7-13620h-rtx-3050.html,PC PORTABLE GAMER MSI KATANA 17 i7-13620H RTX 3050,,https://agora.tn/fr/47681-home_default/pc-portable-gamer-msi-katana-17-i7-13620h-rtx-3050.jpg,agora,"17.3""",,Intel Core i7,,8 Go,512 Go SSD,,Nvidia GeForce,FreeDos,Oui,"3 419,000 TND"
FA617XS-N4085W,https://agora.tn/fr/pc-portable-gaming/15603-pc-portable-gamer-asus-tuf-a16-advantage-edition-amd-ryzen9-noir.html,PC PORTABLE GAMER ASUS TUF A16 ADVANTAGE EDITION AMD RYZEN9 NOIR,,https://agora.tn/fr/44050-home_default/pc-portable-gamer-asus-tuf-a16-advantage-edition-amd-ryzen9-noir.jpg,agora,"16""",,AMD RYZEN 9,,16 Go,512 Go SSD,,AMD Radeon,Windows,Oui,"4 539,000 TND"
TUF507VI-LP089W,https://agora.tn/fr/pc-portable-gaming/16502-pc-portable-gamer-asus-tuf-f15-i7-13620hs-rtx4070-gris.html,PC PORTABLE GAMER ASUS TUF F15 I7-13620HS RTX4070 GRIS,,https://agora.tn/fr/45795-home_default/pc-portable-gamer-asus-tuf-f15-i7-13620hs-rtx4070-gris.jpg,agora,"15.6""",,Intel Core i7,,8 Go,512 Go SSD,,Nvidia GeForce,Windows,Oui,"4 659,000 TND"
9S7-15M211-008,https://agora.tn/fr/pc-portable-gaming/16640-pc-portable-gamer-msi-raider-ge68-rtx4060-noir.html,PC PORTABLE GAMER MSI RAIDER GE68 RTX4060 NOIR,,https://agora.tn/fr/46031-home_default/pc-portable-gamer-msi-raider-ge68-rtx4060-noir.jpg,agora,"16""",,Intel Core i7,,16 Go,1 To SSD,,Nvidia GeForce,Windows 11,Oui,"6 299,000 TND"
82V700JUFG,https://agora.tn/fr/pc-portable/16426-pc-portable-lenovo-ideapad-1-15igl7-intel-celeron-n4020-8go-256go-ssd-bleu.html,PC PORTABLE LENOVO IDEAPAD 1 15IGL7 INTEL CELERON N4020 8GO 256GO SSD BLEU,,https://agora.tn/fr/45807-home_default/pc-portable-lenovo-ideapad-1-15igl7-intel-celeron-n4020-8go-256go-ssd-bleu.jpg,agora,"15.6""",,Intel Celeron-Dual Core,,8 Go,256 Go SSD,,Graphique Intégrée,FreeDos,Non,"689,000 TND"
82LX00CKFG,https://agora.tn/fr/pc-portable/16778-pc-portable-lenovo-ideapad-1-15ijl7-intel-celeron-n4500-8go-256go-ssd-bleu.html,PC PORTABLE LENOVO IDEAPAD 1 15IJL7 INTEL CELERON N4500 8GO 256GO SSD BLEU,,https://agora.tn/fr/46462-home_default/pc-portable-lenovo-ideapad-1-15ijl7-intel-celeron-n4500-8go-256go-ssd-bleu.jpg,agora,"15.6""",,Intel Celeron-Dual Core,,8 Go,256 Go SSD,,Graphique Intégrée,FreeDos,Non,"709,000 TND"
82LX00CFFG,https://agora.tn/fr/pc-portable/16773-pc-portable-lenovo-ideapad-1-15ijl7-intel-celeron-n4500-8go-256go-ssd-gris.html,PC PORTABLE LENOVO IDEAPAD 1 15IJL7 INTEL CELERON N4500 8GO 256GO SSD GRIS,,https://agora.tn/fr/46469-home_default/pc-portable-lenovo-ideapad-1-15ijl7-intel-celeron-n4500-8go-256go-ssd-gris.jpg,agora,"15.6""",,Intel Celeron-Dual Core,,8 Go,256 Go SSD,,Graphique Intégrée,FreeDos,Non,"709,000 TND"
82V700JVFG,https://agora.tn/fr/pc-portable/16418-pc-portable-lenovo-ideapad-1-15igl7-intel-celeron-n4020-8go-256go-ssd-gris.html,PC PORTABLE LENOVO IDEAPAD 1 15IGL7 INTEL CELERON N4020 8GO 256GO SSD GRIS,,https://agora.tn/fr/45802-home_default/pc-portable-lenovo-ideapad-1-15igl7-intel-celeron-n4020-8go-256go-ssd-gris.jpg,agora,"15.6""",,Intel Celeron-Dual Core,,8 Go,256 Go SSD,,Graphique Intégrée,FreeDos,Non,"719,000 TND"
82YU0044FE,https://agora.tn/fr/pc-portable/15019-pc-portable-lenovo-v15-amn-amd-7120u-8go-256go-ssd.html,PC PORTABLE LENOVO V15 AMN AMD 7120U 8GO 256GO SSD,,https://agora.tn/fr/42384-home_default/pc-portable-lenovo-v15-amn-amd-7120u-8go-256go-ssd.jpg,agora,"15.6""",,AMD,,8 Go,256 Go SSD,,AMD Radeon,FreeDos,Non,"725,000 TND"
X515KA-EJ008-8,https://agora.tn/fr/pc-portable/16664-pc-portable-asus-x515ka-celeron-n4500u-8go-256go-ssd-silver.html,PC PORTABLE ASUS X515KA CELERON N4500U 8GO 256GO SSD SILVER,,https://agora.tn/fr/46726-home_default/pc-portable-asus-x515ka-celeron-n4500u-8go-256go-ssd-silver.jpg,agora,"15.6""",,Intel Celeron-Dual Core,,8 Go,256 Go SSD,,Graphique Intégrée,FreeDos,Non,"739,000 TND"
82V700EJFG,https://agora.tn/fr/pc-portable/15309-pc-portable-lenovo-ideapad-1-15igl7-intel-celeron-n4020-8go-256go-ssd.html,PC PORTABLE LENOVO IDEAPAD 1 15IGL7 INTEL CELERON N4020 8GO 256GO SSD,,https://agora.tn/fr/48397-home_default/pc-portable-lenovo-ideapad-1-15igl7-intel-celeron-n4020-8go-256go-ssd.jpg,agora,"15.6""",,Intel Celeron-Dual Core,,8 Go,256 Go SSD,,Graphique Intégrée,Windows,Non,"749,000 TND"
886L3EA,https://agora.tn/fr/pc-portable/16168-pc-portable-hp-15-fd0028nk-intel-n100-4go-256go-ssd-silver.html,PC PORTABLE HP 15-FD0028NK INTEL N100 4GO 256GO SSD SILVER,,https://agora.tn/fr/45272-home_default/pc-portable-hp-15-fd0028nk-intel-n100-4go-256go-ssd-silver.jpg,agora,"15.6""",,Intel Celeron-Quad-Core,,4 Go,256 Go SSD,,Graphique Intégrée,Windows,Non,"769,000 TND"
886L5EA,https://agora.tn/fr/pc-portable/15354-pc-portable-hp-15-fd0030nk-4-go-windows-11-gris.html,PC PORTABLE HP 15-FD0030NK 4 GO WINDOWS 11 GRIS,,https://agora.tn/fr/43300-home_default/pc-portable-hp-15-fd0030nk-4-go-windows-11-gris.jpg,agora,"15.6""",,Intel Celeron-Quad-Core,,4 Go,256 Go SSD,,Graphique Intégrée,Windows,Non,"769,000 TND"
886L4EA,https://agora.tn/fr/pc-portable/15353-pc-portable-hp-15-fd0029nk-n100-4go-256go-ssd-bleu.html,PC PORTABLE HP 15-FD0029NK N100 4GO 256GO SSD BLEU,,https://agora.tn/fr/43302-home_default/pc-portable-hp-15-fd0029nk-n100-4go-256go-ssd-bleu.jpg,agora,"15.6""",,Intel Celeron-Quad-Core,,4 Go,256 Go SSD,,Graphique Intégrée,Windows,Non,"769,000 TND"
82V700EFFG,https://agora.tn/fr/pc-portable/15308-pc-portable-lenovo-ideapad-1-15igl7-intel-celeron-n4020-8go-256go-ssd-gris.html,PC PORTABLE LENOVO IDEAPAD 1 15IGL7 INTEL CELERON N4020 8GO 256GO SSD GRIS,,https://agora.tn/fr/42758-home_default/pc-portable-lenovo-ideapad-1-15igl7-intel-celeron-n4020-8go-256go-ssd-gris.jpg,agora,"15.6""",,Intel Celeron-Dual Core,,8 Go,256 Go SSD,,Graphique Intégrée,Windows,Non,"769,000 TND"
AB1T8EA,https://agora.tn/fr/pc-portable/16495-pc-portable-hp-15-fd0297nk-n100-8go-256go-ssd-noir.html,PC PORTABLE HP 15-FD0297NK N100 8GO 256GO SSD NOIR,,https://agora.tn/fr/47845-home_default/pc-portable-hp-15-fd0297nk-n100-8go-256go-ssd-noir.jpg,agora,"15.6""",,Intel Celeron,,8 Go,256 Go SSD,,Graphique Intégrée,FreeDos,Non,"789,000 TND"
82VG00NYFG,https://agora.tn/fr/pc-portable/16134-pc-portable-lenovo-ideapad-1-15amn7-amd-athlon-8go-256go-ssd-gris.html,PC PORTABLE LENOVO IDEAPAD 1 15AMN7 AMD ATHLON 8GO 256GO SSD GRIS,,https://agora.tn/fr/45131-home_default/pc-portable-lenovo-ideapad-1-15amn7-amd-athlon-8go-256go-ssd-gris.jpg,agora,"15.6""",,AMD Athlon,,8 Go,256 Go SSD,,AMD Radeon,Windows,Non,"789,000 TND"
82XQ00DMFG,https://agora.tn/fr/pc-portable/15346-pc-portable-lenovo-ideapad-slim-3-amd-ryzen-3-8go-256go-ssd.html,PC PORTABLE LENOVO IDEAPAD SLIM 3 AMD RYZEN 3 8GO 256GO SSD,,https://agora.tn/fr/43322-home_default/pc-portable-lenovo-ideapad-slim-3-amd-ryzen-3-8go-256go-ssd.jpg,agora,"15.6""",,AMD RYZEN 3,,8 Go,256 Go SSD,,AMD Radeon,Windows,Non,"899,000 TND"
N5360PVNB3520EMEA0,https://agora.tn/fr/pc-portable/15371-pc-portable-dell-vostro-3520-i3-1215u-8go-512go-ssd-noir.html,PC PORTABLE DELL VOSTRO 3520 I3-1215U 8GO 512GO SSD NOIR,,https://agora.tn/fr/43282-home_default/pc-portable-dell-vostro-3520-i3-1215u-8go-512go-ssd-noir.jpg,agora,"15.6""",,Intel Core i3,,8 Go,512 Go SSD,,Graphique Intégrée,Windows,Non,"999,000 TND"
82X7009RFG,https://agora.tn/fr/pc-portable/15643-pc-portable-lenovo-ideapad-slim-3-i3-1305u-8go-256go-ssd-gris.html,PC PORTABLE LENOVO IDEAPAD SLIM 3 I3-1305U 8GO 256GO SSD GRIS,,https://agora.tn/fr/43802-home_default/pc-portable-lenovo-ideapad-slim-3-i3-1305u-8go-256go-ssd-gris.jpg,agora,"15.6""",,Intel Core i3,,8 Go,256 Go SSD,,Graphique Intégrée,FreeDos,Non,"1 029,000 TND"
V3520-I3-512SSD,https://agora.tn/fr/pc-portable/16179-pc-portable-dell-vostro-3520-i3-1215u-8go-512go-ssd-noir.html,PC PORTABLE DELL VOSTRO 3520 I3-1215U 8GO 512GO SSD NOIR,,https://agora.tn/fr/45329-home_default/pc-portable-dell-vostro-3520-i3-1215u-8go-512go-ssd-noir.jpg,agora,"15.6""",,Intel Core i3,,8 Go,512 Go SSD,,Nvidia GeForce,Ubuntu,Non,"1 039,000 TND"
X1504VA-NJ519W,https://agora.tn/fr/pc-portable/15384-pc-portable-asus-vivobook-15-x1504va-i3-1315u-4go-256go-ssd-bleu.html,PC PORTABLE ASUS VIVOBOOK 15 X1504VA I3-1315U 4GO 256GO SSD BLEU,,https://agora.tn/fr/43266-home_default/pc-portable-asus-vivobook-15-x1504va-i3-1315u-4go-256go-ssd-bleu.jpg,agora,"15.6""",,Intel Core i3,,4 Go,256 Go SSD,,Graphique Intégrée,Windows 11,Non,"1 045,000 TND"
X1504VA-NJ520W-8G,https://agora.tn/fr/pc-portable/16089-pc-portable-asus-vivobook-15-x1504va-i3-1315u-8go-256go-ssd-silver.html,PC PORTABLE ASUS VIVOBOOK 15 X1504VA I3-1315U 8GO 256GO SSD SILVER,,https://agora.tn/fr/44977-home_default/pc-portable-asus-vivobook-15-x1504va-i3-1315u-8go-256go-ssd-silver.jpg,agora,"15.6""",,Intel Core i3,,8 Go,256 Go SSD,,Graphique Intégrée,Windows,Non,"1 065,000 TND"
X1504VA-NJ520W-12G,https://agora.tn/fr/pc-portable/16176-pc-portable-asus-vivobook-15-x1504va-i3-1315u-12go-256go-silver.html,PC PORTABLE ASUS VIVOBOOK 15 X1504VA I3-1315U 12GO 256GO SILVER,,https://agora.tn/fr/45317-home_default/pc-portable-asus-vivobook-15-x1504va-i3-1315u-12go-256go-silver.jpg,agora,"15.6""",,Intel Core i3,,12 Go,256 Go SSD,,Graphique Intégrée,Windows,Non,"1 089,000 TND"
82RK017AFG,https://agora.tn/fr/pc-portable/16136-pc-portable-lenovo-ideapad-3-15iau7-i3-1215u-8go-512go-ssd-bleu.html,PC PORTABLE LENOVO IDEAPAD 3 15IAU7 I3-1215U 8GO 512GO SSD BLEU,,https://agora.tn/fr/45116-home_default/pc-portable-lenovo-ideapad-3-15iau7-i3-1215u-8go-512go-ssd-bleu.jpg,agora,"15.6""",,Intel Core i3,,8 Go,512 Go SSD,,Graphique Intégrée,windows 11 famille,Non,"1 099,000 TND"
82RK016YFG,https://agora.tn/fr/pc-portable/16081-pc-portable-lenovo-ideapad-3-15iau7-i3-1215u-8go-512go-ssd-gris.html,PC PORTABLE LENOVO IDEAPAD 3 15IAU7 I3-1215U 8GO 512GO SSD GRIS,,https://agora.tn/fr/45297-home_default/pc-portable-lenovo-ideapad-3-15iau7-i3-1215u-8go-512go-ssd-gris.jpg,agora,"15.6""",,Intel Core i3,,8 Go,512 Go SSD,,Graphique Intégrée,FreeDos,Non,"1 099,000 TND"
X1504VA-NJ480W,https://agora.tn/fr/pc-portable/16130-pc-portable-asus-vivobook-15-x1504va-i3-1315u-8go-256-ssd-bleu.html,PC PORTABLE ASUS VIVOBOOK 15 X1504VA I3-1315U 8GO 256 SSD BLEU,,https://agora.tn/fr/45144-home_default/pc-portable-asus-vivobook-15-x1504va-i3-1315u-8go-256-ssd-bleu.jpg,agora,"15.6""",,Intel Core i3,,8 Go,250GO SSD,,Graphique Intégrée,windows 11 famille,Non,"1 109,000 TND"
N1612PVNB3530-UBU,https://agora.tn/fr/pc-portable/16509-pc-portable-dell-vostro-3530-i3-1305u-8go-256go-ssd-noir.html,PC PORTABLE DELL VOSTRO 3530 I3-1305U 8GO 256GO SSD NOIR,,https://agora.tn/fr/45817-home_default/pc-portable-dell-vostro-3530-i3-1305u-8go-256go-ssd-noir.jpg,agora,"15.6""",,Intel Core i3,,8 Go,256 Go SSD,,Graphique Intégrée,FreeDos,Non,"1 129,000 TND"
A2MM1EA,https://agora.tn/fr/pc-portable/16487-pc-portable-hp-15-fd0052nk-i3-n305-8go-512go-ssd-silver.html,PC PORTABLE HP 15-FD0052NK I3-N305 8GO 512GO SSD SILVER,,https://agora.tn/fr/45775-home_default/pc-portable-hp-15-fd0052nk-i3-n305-8go-512go-ssd-silver.jpg,agora,"15.6""",,Intel Core i3,,8 Go,512 Go SSD,,Graphique Intégrée,FreeDos,Non,"1 149,000 TND"
A2AP0EA,https://agora.tn/fr/pc-portable/15907-pc-portable-hp-15-fd0053nk-i3-n305-8go-512go-ssd-silver.html,PC PORTABLE HP 15-FD0053NK I3-N305 8GO 512GO SSD SILVER,,https://agora.tn/fr/44661-home_default/pc-portable-hp-15-fd0053nk-i3-n305-8go-512go-ssd-silver.jpg,agora,"15.6""",,Intel Core i3,,8 Go,512 Go SSD,,Graphique Intégrée,FreeDos,Non,"1 149,000 TND"
A2AN9EA,https://agora.tn/fr/pc-portable/15906-pc-portable-hp-15-fd0051nk-i3-n305-8go-512go-ssd-gold.html,PC PORTABLE HP 15-FD0051NK I3-N305 8GO 512GO SSD GOLD,,https://agora.tn/fr/44658-home_default/pc-portable-hp-15-fd0051nk-i3-n305-8go-512go-ssd-gold.jpg,agora,"15.6""",,Intel Core i3,,8 Go,512 Go SSD,,Graphique Intégrée,FreeDos,Non,"1 169,000 TND"
A2AP1EA,https://agora.tn/fr/pc-portable/15898-pc-portable-hp-15-fd0055nk-i3-n305-8go-512go-ssd-noir.html,PC PORTABLE HP 15-FD0055NK I3-N305 8GO 512GO SSD NOIR,,https://agora.tn/fr/44630-home_default/pc-portable-hp-15-fd0055nk-i3-n305-8go-512go-ssd-noir.jpg,agora,"15.6""",,Intel Core i3,,8 Go,512 Go SSD,,Graphique Intégrée,FreeDos,Non,"1 169,000 TND"
N1612PVNB3530EMEA0,https://agora.tn/fr/pc-portable/15203-pc-portable-dell-vostro-3530-i3-1305u-8go-512go-ssd-noir.html,PC PORTABLE DELL VOSTRO 3530 I3-1305U  8GO 512GO SSD NOIR,,https://agora.tn/fr/42659-home_default/pc-portable-dell-vostro-3530-i3-1305u-8go-512go-ssd-noir.jpg,agora,"15.6""",,Intel Core i3,,8 Go,512 Go SSD,,Graphique Intégrée,Windows,Non,"1 199,000 TND"
X1504VA-NJ1000W,https://agora.tn/fr/pc-portable/16500-pc-portable-asus-x1504va-i3-1315u-8go-512go-ssd-silver.html,PC PORTABLE ASUS X1504VA I3-1315U 8GO 512GO SSD SILVER,,https://agora.tn/fr/45776-home_default/pc-portable-asus-x1504va-i3-1315u-8go-512go-ssd-silver.jpg,agora,"15.6""",,Intel Core i3,,8 Go,512 Go SSD,,Graphique Intégrée,FreeDos,Non,"1 245,000 TND"
9S7-15H112-1019,https://agora.tn/fr/pc-portable/16628-pc-portable-msi-modern-15-b12m-i3-1215u-16go-512go-ssd-noir.html,PC PORTABLE MSI MODERN 15 B12M I3-1215U 16GO 512GO SSD NOIR,,https://agora.tn/fr/46026-home_default/pc-portable-msi-modern-15-b12m-i3-1215u-16go-512go-ssd-noir.jpg,agora,"15.6""",,Intel Core i3,,16 Go,512 Go SSD,,Graphique Intégrée,FreeDos,Non,"1 399,000 TND"
N1610PVNB3520EMEA0,https://agora.tn/fr/pc-portable/15206-pc-portable-dell-vostro-3520-i5-1235u-8go-512go-ssd-noir.html,PC PORTABLE DELL VOSTRO 3520 I5-1235U 8GO 512GO SSD NOIR,,https://agora.tn/fr/42672-home_default/pc-portable-dell-vostro-3520-i5-1235u-8go-512go-ssd-noir.jpg,agora,"15.6""",,Intel Core i5,,8 Go,512 Go SSD,,Graphique Intégrée,Ubuntu,Non,"1 425,000 TND"
82RK0174FG,https://agora.tn/fr/pc-portable/16076-pc-portable-lenovo-ideapad-3-15iau7-i5-1235u-8go-512go-ssd-bleu.html,PC PORTABLE LENOVO IDEAPAD 3 15IAU7 I5-1235U 8GO 512GO SSD BLEU,,https://agora.tn/fr/45304-home_default/pc-portable-lenovo-ideapad-3-15iau7-i5-1235u-8go-512go-ssd-bleu.jpg,agora,"15.6""",,Intel Core i5,,8 Go,512 Go SSD,,Graphique Intégrée,Windows,Non,"1 469,000 TND"
82RK016TFG,https://agora.tn/fr/pc-portable/16075-pc-portable-lenovo-ideapad-3-15iau7-i5-1235u-8go-512go-ssd-gris.html,PC PORTABLE LENOVO IDEAPAD 3 15IAU7 I5-1235U 8GO 512GO SSD GRIS,,https://agora.tn/fr/45300-home_default/pc-portable-lenovo-ideapad-3-15iau7-i5-1235u-8go-512go-ssd-gris.jpg,agora,"15.6""",,Intel Core i5,,8 Go,512 Go SSD,,Graphique Intégrée,Windows,Non,"1 469,000 TND"
81W1017HFE,https://agora.tn/fr/pc-portable/11079-pc-portable-lenovo-ideapad-3-adm-ryzen-7-8go-512go-ssd-bleu.html,PC PORTABLE LENOVO IDEAPAD 3 ADM RYZEN 7 8GO 512GO SSD BLEU,,https://agora.tn/fr/37889-home_default/pc-portable-lenovo-ideapad-3-adm-ryzen-7-8go-512go-ssd-bleu.jpg,agora,"15.6""",,AMD RYZEN 7,,8 Go,512 Go SSD,,AMD Radeon,Windows,Non,"1 489,000 TND"
83ER00H5FG,https://agora.tn/fr/pc-portable/17051-pc-portable-lenovo-ideapad-s3-i5-12450h-16go-512go-ssd-156-gris.html,"PC PORTABLE LENOVO IDEAPAD S3 I5-12450H 16GO 512GO SSD 15.6"" GRIS",,https://agora.tn/fr/47467-home_default/pc-portable-lenovo-ideapad-s3-i5-12450h-16go-512go-ssd-156-gris.jpg,agora,"15.6""",,Intel Core i5,,16 Go,512 Go SSD,,Graphique Intégrée,FreeDos,Non,"1 539,000 TND"
N3409PVNB3530EMEA01_UBU,https://agora.tn/fr/pc-portable/16506-pc-portable-dell-vostro-3530-i5-1334u-8go-512go-ssd-noir.html,PC PORTABLE DELL VOSTRO 3530 I5-1334U 8GO 512GO SSD NOIR,,https://agora.tn/fr/45913-home_default/pc-portable-dell-vostro-3530-i5-1334u-8go-512go-ssd-noir.jpg,agora,"15.6""",,Intel Core i5,,8 Go,512 Go SSD,,Graphique Intégrée,FreeDos,Non,"1 549,000 TND"
A2AP5EA,https://agora.tn/fr/pc-portable/15904-pc-portable-hp-15-fd0094nk-i5-1334u-8go-512go-ssd-bleu.html,PC PORTABLE HP 15-FD0094NK I5-1334U  8GO 512GO SSD BLEU,,https://agora.tn/fr/44648-home_default/pc-portable-hp-15-fd0094nk-i5-1334u-8go-512go-ssd-bleu.jpg,agora,"15.6""",,Intel Core i5,,8 Go,512 Go SSD,,Graphique Intégrée,FreeDos,Non,"1 585,000 TND"
83EM00GMFG,https://agora.tn/fr/pc-portable/17049-pc-portable-lenovo-ideapad-s3-i5-13420h-16go-512go-ssd-156-gris.html,"PC PORTABLE LENOVO IDEAPAD S3 I5-13420H 16GO 512GO SSD 15.6"" GRIS",,https://agora.tn/fr/47553-home_default/pc-portable-lenovo-ideapad-s3-i5-13420h-16go-512go-ssd-156-gris.jpg,agora,"15.6""",,Intel Core i5,,16 Go,512 Go SSD,,Graphique Intégrée,FreeDos,Non,"1 589,000 TND"
X1502VA-NJ231W,https://agora.tn/fr/pc-portable/15463-pc-portable-asus-vivobook-15-x1502va-i5-13500h-8go-512go-ssd-silver.html,PC PORTABLE ASUS VIVOBOOK 15 X1502VA I5-13500H 8GO 512GO SSD SILVER,,https://agora.tn/fr/48480-home_default/pc-portable-asus-vivobook-15-x1502va-i5-13500h-8go-512go-ssd-silver.jpg,agora,"15.6""",,Intel Core i5,,8 Go,512 Go SSD,,Graphique Intégrée,Windows,Non,"1 599,000 TND"
A2AP8EA,https://agora.tn/fr/pc-portable/15899-pc-portable-hp-15-fd0097nk-i5-1334u-8go-512go-ssd-noir.html,PC PORTABLE HP 15-FD0097NK I5-1334U 8GO 512GO SSD NOIR,,https://agora.tn/fr/44632-home_default/pc-portable-hp-15-fd0097nk-i5-1334u-8go-512go-ssd-noir.jpg,agora,"15.6""",,Intel Core i5,,8 Go,512 Go SSD,,Graphique Intégrée,FreeDos,Non,"1 639,000 TND"
A2AP7EA,https://agora.tn/fr/pc-portable/15902-pc-portable-hp-15-fd0095nk-i5-1334u-8go-512go-ssd-silver.html,PC PORTABLE HP 15-FD0095NK I5-1334U 8GO 512GO SSD SILVER,,https://agora.tn/fr/44640-home_default/pc-portable-hp-15-fd0095nk-i5-1334u-8go-512go-ssd-silver.jpg,agora,"15.6""",,Intel Core i5,,8 Go,512 Go SSD,,Graphique Intégrée,FreeDos,Non,"1 649,000 TND"
9D6W0EA,https://agora.tn/fr/pc-portable/16862-pc-portable-hp-15-fd0042nk-8go-512go-ssd-silver.html,PC PORTABLE HP 15-FD0042NK 8GO 512GO SSD SILVER,,https://agora.tn/fr/46716-home_default/pc-portable-hp-15-fd0042nk-8go-512go-ssd-silver.jpg,agora,"15.6""",,Intel Core i5,,8 Go,512 Go SSD,,Graphique Intégrée,Windows,Non,"1 689,000 TND"
X1502-NJ231W-16,https://agora.tn/fr/pc-portable/16709-pc-portable-asus-vivovook-15-x1502va-i5-13500h-16go-512g-ssd-silver.html,PC PORTABLE ASUS VIVOVOOK 15 X1502VA I5-13500H 16GO 512G SSD SILVER,,https://agora.tn/fr/46309-home_default/pc-portable-asus-vivovook-15-x1502va-i5-13500h-16go-512g-ssd-silver.jpg,agora,"15.6""",,Intel Core i5,,16 Go,512 Go SSD,,Graphique Intégrée,Windows,Non,"1 689,000 TND"
X1502VA-NJ147W-16,https://agora.tn/fr/pc-portable/16694-pc-portable-asus-vivovook-15-x1502va-i5-13500h-16go-512g-ssd-bleu.html,PC PORTABLE ASUS VIVOVOOK 15 X1502VA I5-13500H 16GO 512G SSD BLEU,,https://agora.tn/fr/46270-home_default/pc-portable-asus-vivovook-15-x1502va-i5-13500h-16go-512g-ssd-bleu.jpg,agora,"15.6""",,Intel Core i5,,16 Go,512 Go SSD,,Graphique Intégrée,Windows,Non,"1 689,000 TND"
9S7-15H112-1018,https://agora.tn/fr/pc-portable/16620-pc-portable-msi-modern-15-b13m-i5-1335u-16go-512go-ssd-noir.html,PC PORTABLE MSI MODERN 15 B13M I5-1335U 16GO 512GO SSD NOIR,,https://agora.tn/fr/46022-home_default/pc-portable-msi-modern-15-b13m-i5-1335u-16go-512go-ssd-noir.jpg,agora,"15.6""",,Intel Core i5,,16 Go,512 Go SSD,,Graphique Intégrée,FreeDos,Non,"1 739,000 TND"
82XM00H6FG,https://agora.tn/fr/pc-portable/16775-pc-portable-lenovo-ideapad-slim-3-amd-rayzen-7-16go-512go-ssd-gris-sacoche.html,PC PORTABLE LENOVO IDEAPAD SLIM 3 AMD RAYZEN 7 16GO 512GO SSD GRIS + SACOCHE,,https://agora.tn/fr/46473-home_default/pc-portable-lenovo-ideapad-slim-3-amd-rayzen-7-16go-512go-ssd-gris-sacoche.jpg,agora,"15.6""",,AMD RYZEN 7,,16 Go,512 Go SSD,,AMD Radeon,FreeDos,Non,"1 769,000 TND"
M3502QA-MA013W,https://agora.tn/fr/pc-portable/13978-pc-portable-asus-m3502qa-rayzen-5-8go-512go-ssd-noir.html,PC PORTABLE ASUS M3502QA RAYZEN 5 8GO 512GO SSD NOIR,,https://agora.tn/fr/40340-home_default/pc-portable-asus-m3502qa-rayzen-5-8go-512go-ssd-noir.jpg,agora,"15.6""",,AMD RYZEN 5,,8 Go,512 Go SSD,,AMD Radeon,Windows,Non,"1 790,000 TND"
A2AN8EA,https://agora.tn/fr/pc-portable/15905-pc-portable-hp-15-fd0045nk-i5-1334u-8go-512go-ssd-mx570a-silver.html,PC PORTABLE HP 15-FD0045NK I5-1334U 8GO 512GO SSD MX570A SILVER,,https://agora.tn/fr/44655-home_default/pc-portable-hp-15-fd0045nk-i5-1334u-8go-512go-ssd-mx570a-silver.jpg,agora,"15.6""",,Intel Core i5,,8 Go,512 Go SSD,,Nvidia GeForce,Windows,Non,"1 839,000 TND"
AB1T6EA,https://agora.tn/fr/pc-portable/16556-pc-portable-hp-15-fd0080nk-i5-1334u-8go-512go-ssd-mx570-noir.html,PC PORTABLE HP 15-FD0080NK I5-1334U 8GO 512GO SSD MX570 NOIR,,https://agora.tn/fr/45770-home_default/pc-portable-hp-15-fd0080nk-i5-1334u-8go-512go-ssd-mx570-noir.jpg,agora,"15.6""",,Intel Core i5,,8 Go,512 Go SSD,,Nvidia GeForce,FreeDos,Non,"1 855,000 TND"
AB1T5EA,https://agora.tn/fr/pc-portable/16555-pc-portable-hp-15-fd0079nk-i5-1334u-8go-512go-ssd-mx570-silver.html,PC PORTABLE HP 15-FD0079NK I5-1334U 8GO 512GO SSD MX570 SILVER,,https://agora.tn/fr/45773-home_default/pc-portable-hp-15-fd0079nk-i5-1334u-8go-512go-ssd-mx570-silver.jpg,agora,"15.6""",,Intel Core i5,,8 Go,512 Go SSD,,Nvidia GeForce,FreeDos,Non,"1 855,000 TND"
82QD00FYFG,https://agora.tn/fr/pc-portable/16424-pc-portable-lenovo-ideapad-1-15iau7-i7-1255u-8go-512go-ssd-bleu.html,PC PORTABLE LENOVO IDEAPAD 1 15IAU7 I7-1255U 8GO 512GO SSD BLEU,,https://agora.tn/fr/45808-home_default/pc-portable-lenovo-ideapad-1-15iau7-i7-1255u-8go-512go-ssd-bleu.jpg,agora,"15.6""",,Intel Core i7,,8 Go,512 Go SSD,,Graphique Intégrée,FreeDos,Non,"1 969,000 TND"
82K202CMFG,https://agora.tn/fr/pc-portable-gaming/16131-pc-portable-gamer-lenovo-ideapad-3-15ach6-adm-ryzen-5-16go-512go-ssd-rtx-2050-noir.html,PC PORTABLE GAMER LENOVO IDEAPAD 3 15ACH6 ADM RYZEN 5 | 16GO | 512GO SSD | RTX 2050 | NOIR,,https://agora.tn/fr/45143-home_default/pc-portable-gamer-lenovo-ideapad-3-15ach6-adm-ryzen-5-16go-512go-ssd-rtx-2050-noir.jpg,agora,"15.6""",,AMD RYZEN 5,,16 Go,512 Go SSD,,Nvidia GeForce,FreeDos,Oui,"1 969,000 TND"
82XX00A9FG,https://agora.tn/fr/pc-portable/15639-pc-portable-lenovo-ideapad-flex-5-adm-ryzen-5-8go-512go-ssd-gris.html,PC PORTABLE LENOVO IDEAPAD FLEX 5 ADM RYZEN 5 8GO 512GO SSD GRIS,,https://agora.tn/fr/43953-home_default/pc-portable-lenovo-ideapad-flex-5-adm-ryzen-5-8go-512go-ssd-gris.jpg,agora,"14""",,AMD RYZEN 5,,8 Go,512 Go SSD,,AMD Radeon,Windows,Non,"1 995,000 TND"
X1502ZA-EJ767W,https://agora.tn/fr/pc-portable/14814-pc-portable-asus-vivobook-15-x1502z-i7-1255u-8go-512go-ssd-silver.html,PC PORTABLE ASUS VIVOBOOK 15 X1502Z I7-1255U 8GO 512GO SSD SILVER,,https://agora.tn/fr/41957-home_default/pc-portable-asus-vivobook-15-x1502z-i7-1255u-8go-512go-ssd-silver.jpg,agora,"15.6""",,Intel Core i7,,8 Go,512 Go SSD,,Graphique Intégrée,Windows,Non,"2 009,000 TND"
83EM008XFG,https://agora.tn/fr/pc-portable/16782-pc-portable-lenovo-ideapad-slim-i7-13620h-16go-512go-ssd-gris.html,PC PORTABLE LENOVO IDEAPAD SLIM I7-13620H 16GO 512GO SSD GRIS,,https://agora.tn/fr/46450-home_default/pc-portable-lenovo-ideapad-slim-i7-13620h-16go-512go-ssd-gris.jpg,agora,"15.6""",,Intel Core i7,,16 Go,512 Go SSD,,Graphique Intégrée,FreeDos,Non,"2 045,000 TND"
FA506NF-HN005W,https://agora.tn/fr/pc-portable-gamer/15604-pc-portable-gamer-asus-tuf-a15-amd-ryzen-5-8go-512go-ss-rtx-2050.html,PC PORTABLE GAMER ASUS TUF A15 AMD RYZEN 5 8GO 512GO SS RTX 2050,,https://agora.tn/fr/44047-home_default/pc-portable-gamer-asus-tuf-a15-amd-ryzen-5-8go-512go-ss-rtx-2050.jpg,agora,"15.6""",,AMD RYZEN 5,,8 Go,512 Go SSD,,Nvidia GeForce,Windows,Oui,"2 099,000 TND"
A2AQ2EA,https://agora.tn/fr/pc-portable/16162-pc-portable-hp-15-fd0286nk-i7-1355u-8go-512go-ssd-silver.html,PC PORTABLE HP 15-FD0286NK I7-1355U 8GO 512GO SSD SILVER,,https://agora.tn/fr/45245-home_default/pc-portable-hp-15-fd0286nk-i7-1355u-8go-512go-ssd-silver.jpg,agora,"15.6""",,Intel Core i7,,8 Go,512 Go SSD,,Graphique Intégrée,FreeDos,Non,"2 129,000 TND"
S3605ZF-N1342W,https://agora.tn/fr/pc-portable-gamer/15707-pc-portable-asus-gamer-vivobook-16x-s3605zf-i5-12500h-8go-512go-ssd-rtx-2050.html,PC PORTABLE ASUS GAMER VIVOBOOK 16X S3605ZF I5-12500H 8GO 512GO SSD RTX 2050,,https://agora.tn/fr/44002-home_default/pc-portable-asus-gamer-vivobook-16x-s3605zf-i5-12500h-8go-512go-ssd-rtx-2050.jpg,agora,"16""",,Intel Core i5,,8 Go,512 Go SSD,,Nvidia GeForce,Windows,Oui,"2 149,000 TND"
X1502VA-NJ257W,https://agora.tn/fr/pc-portable/15366-pc-portable-asus-vivobook-15-x1502va-i9-13900h-8go-512go-ssd-silver.html,PC PORTABLE ASUS VIVOBOOK 15 X1502VA I9-13900H 8GO 512GO SSD SILVER,,https://agora.tn/fr/44382-home_default/pc-portable-asus-vivobook-15-x1502va-i9-13900h-8go-512go-ssd-silver.jpg,agora,"15.6""",,Intel Core i9,,8 Go,512 Go SSD,,Graphique Intégrée,Windows,Non,"2 175,000 TND"
845L4EA,https://agora.tn/fr/pc-portable/16491-pc-portable-hp-x360-pavilion-x360-2-in-1-14-ek1001nk-i5-8go-512go-ssd-silver.html,PC PORTABLE HP X360 PAVILION X360 2-IN-1 14-EK1001NK I5 8GO 512GO SSD SILVER,,https://agora.tn/fr/46735-home_default/pc-portable-hp-x360-pavilion-x360-2-in-1-14-ek1001nk-i5-8go-512go-ssd-silver.jpg,agora,"14""",,Intel Core i5,,8 Go,512 Go SSD,,Graphique Intégrée,Windows,Non,"2 249,000 TND"
N1807PVNB3530EMEA0,https://agora.tn/fr/pc-portable/15376-pc-portable-dell-vostro-3530-i7-1355u-8go-512go-ssd-mx550-noir.html,PC PORTABLE DELL VOSTRO 3530 I7-1355U 8GO 512GO SSD MX550 NOIR,,https://agora.tn/fr/43272-home_default/pc-portable-dell-vostro-3530-i7-1355u-8go-512go-ssd-mx550-noir.jpg,agora,"15.6""",,Intel Core i7,,8 Go,512 Go SSD,,Nvidia GeForce,Windows,Non,"2 275,000 TND"
83GS00AKFG,https://agora.tn/fr/pc-portable-gaming/16128-pc-portable-gamer-lenovo-loq3-15iax9-i5-12450hx-16go-512go-ssd-rtx2050.html,PC PORTABLE GAMER LENOVO LOQ3 15IAX9 I5-12450HX 16GO 512GO SSD RTX2050,,https://agora.tn/fr/45088-home_default/pc-portable-gamer-lenovo-loq3-15iax9-i5-12450hx-16go-512go-ssd-rtx2050.jpg,agora,"15.6""",,Intel Core i5,,16 Go,512 Go SSD,,Nvidia GeForce,Windows,Oui,"2 279,000 TND"
9U1B8EA,https://agora.tn/fr/pc-portable-gaming/16636-pc-portable-gamer-hp-victus-15-fb0037nk-amd-ryzen-5-5600h-8go-512go-ssd-rtx3050-blanc.html,PC PORTABLE GAMER HP VICTUS 15-FB0037NK AMD RYZEN 5-5600H | 8GO | 512GO SSD | RTX3050 | BLANC,,https://agora.tn/fr/46221-home_default/pc-portable-gamer-hp-victus-15-fb0037nk-amd-ryzen-5-5600h-8go-512go-ssd-rtx3050-blanc.jpg,agora,"15.6""",,AMD RYZEN 5,,8 Go,512 Go SSD,,Nvidia GeForce,Windows,Oui,"2 479,000 TND"
898D5EA,https://agora.tn/fr/pc-portable/15896-pc-portable-hp-15-fd0018nk-i7-32go-512-go-bleu.html,PC PORTABLE HP 15-FD0018NK I7 32GO 512 GO BLEU,,https://agora.tn/fr/44622-home_default/pc-portable-hp-15-fd0018nk-i7-32go-512-go-bleu.jpg,agora,"15.6""",,Intel Core i7,,8 Go,512 Go SSD,,Nvidia GeForce,Windows,Non,"2 499,000 TND"
X1704VA-AU232W,https://agora.tn/fr/pc-portable/15717-pc-portable-asus-vivobook-x1704va-i7-1355u-16g-512go-ssd-173-silver.html,"PC PORTABLE ASUS VIVOBOOK X1704VA I7-1355U 16G 512GO SSD 17.3"" SILVER",,https://agora.tn/fr/44080-home_default/pc-portable-asus-vivobook-x1704va-i7-1355u-16g-512go-ssd-173-silver.jpg,agora,"17.3""",,Intel Core i7,,16 Go,512 Go SSD,,Graphique Intégrée,Windows,Non,"2 499,000 TND"
X1704VA-AU115W,https://agora.tn/fr/pc-portable/15698-pc-portable-asus-vivobook-17-x1704va-i7-1355u-16go-512go-ssd-bleu.html,PC PORTABLE ASUS VIVOBOOK 17 X1704VA I7-1355U 16GO 512GO SSD BLEU,,https://agora.tn/fr/44388-home_default/pc-portable-asus-vivobook-17-x1704va-i7-1355u-16go-512go-ssd-bleu.jpg,agora,"17.3""",,Intel Core i7,,16 Go,512 Go SSD,,Graphique Intégrée,Windows,Non,"2 499,000 TND"
9S7-16R831-2606,https://agora.tn/fr/pc-portable-gamer/16769-pc-portable-gamer-msi-thin-15-b13ucx-i7-13620h-8go-512go-ssd-rtx2050.html,PC PORTABLE GAMER MSI THIN 15 B13UCX I7-13620H 8GO 512GO SSD RTX2050,,https://agora.tn/fr/46553-home_default/pc-portable-gamer-msi-thin-15-b13ucx-i7-13620h-8go-512go-ssd-rtx2050.jpg,agora,"15.6""",,Intel Core i7,,8 Go,512 Go SSD,,Nvidia GeForce,FreeDos,Non,"2 519,000 TND"
21SK0032TP,https://agora.tn/fr/pc-portable/17281-pc-portable-lenovo-thinkbook-16-g8-ial-ultra-7-8g-ddr5-512g-ssd-16.html,"PC PORTABLE LENOVO THINKBOOK 16 G8 IAL ULTRA 7 8G DDR5 512G SSD 16""",,https://agora.tn/fr/48433-home_default/pc-portable-lenovo-thinkbook-16-g8-ial-ultra-7-8g-ddr5-512g-ssd-16.jpg,agora,"16""",,Intel Core Ultra 7,,8 Go,512 Go SSD,,,FreeDos,,"2 639,000 TND"
TP3402VA-LZ265W,https://agora.tn/fr/pc-portable/15703-pc-portable-asus-vivobook-s14-flip-i5-13500h-8go-512go-ssd-silver.html,PC PORTABLE ASUS VIVOBOOK S14 FLIP I5-13500H 8GO 512GO SSD SILVER,,https://agora.tn/fr/44055-home_default/pc-portable-asus-vivobook-s14-flip-i5-13500h-8go-512go-ssd-silver.jpg,agora,"14""",,Intel Core i5,,8 Go,512 Go SSD,,Graphique Intégrée,Windows,Non,"2 699,000 TND"
FX507ZC4-HN288W,https://agora.tn/fr/pc-portable-gaming/16132-pc-portable-gamer-asus-tuf-fx507zc4-i7-12700h-16go-1to-ssd-rtx-3050.html,PC PORTABLE GAMER ASUS TUF FX507ZC4 I7-12700H 16GO 1TO SSD RTX 3050,,https://agora.tn/fr/45149-home_default/pc-portable-gamer-asus-tuf-fx507zc4-i7-12700h-16go-1to-ssd-rtx-3050.jpg,agora,"15.6""",,Intel Core i7,,16 Go,1 To,,Nvidia GeForce,Windows,Oui,"2 879,000 TND"
3540-I7-512,https://agora.tn/fr/pc-portable/14846-pc-portable-dell-latitude-3540-i7-1355u-8go-512go-ssd-noir.html,PC PORTABLE DELL LATITUDE 3540 I7-1355U 8GO 512GO SSD NOIR,,https://agora.tn/fr/42005-home_default/pc-portable-dell-latitude-3540-i7-1355u-8go-512go-ssd-noir.jpg,agora,"15.6""",,Intel Core i7,,8 Go,512 Go SSD,,Graphique Intégrée,FreeDos,Non,"2 899,000 TND"
845M6EA,https://agora.tn/fr/pc-portable-gaming/16163-pc-portable-gamer-hp-victus-15-fa1001nk-i7-13620h-16go-512go-ssd-rtx-3050.html,PC PORTABLE GAMER HP VICTUS 15-FA1001NK I7-13620H 16GO 512GO SSD RTX 3050,,https://agora.tn/fr/45249-home_default/pc-portable-gamer-hp-victus-15-fa1001nk-i7-13620h-16go-512go-ssd-rtx-3050.jpg,agora,"15.6""",,Intel Core i7,,16 Go,512 Go SSD,,Nvidia GeForce,Windows,Oui,"2 959,000 TND"
9S7-16R831-1232,https://agora.tn/fr/pc-portable-gamer/16622-pc-portable-gamer-msi-thin-15-b12uc-1232xfr-i7-12650h-16go-512go-ssd-rtx3050.html,PC PORTABLE GAMER MSI THIN 15 B12UC-1232XFR I7-12650H 16GO 512GO SSD RTX3050,,https://agora.tn/fr/46035-home_default/pc-portable-gamer-msi-thin-15-b12uc-1232xfr-i7-12650h-16go-512go-ssd-rtx3050.jpg,agora,"15.6""",,Intel Core i7,,16 Go,512 Go SSD,,Nvidia GeForce,FreeDos,Oui,"2 989,000 TND"
82XT00BVFG,https://agora.tn/fr/pc-portable-gamer/15645-pc-portable-lenovo-loq-15aph8-amd-ryzen-7-16go-512go-ssd.html,PC PORTABLE LENOVO LOQ 15APH8 AMD RYZEN 7 16GO 512GO SSD,,https://agora.tn/fr/43881-home_default/pc-portable-lenovo-loq-15aph8-amd-ryzen-7-16go-512go-ssd.jpg,agora,"15.6""",,AMD RYZEN 7,,16 Go,512 Go SSD,,Nvidia GeForce,Windows,Oui,"2 999,000 TND"
9S7-158571-1698,https://agora.tn/fr/pc-portable-gaming/16829-pc-portable-gamer-msi-katana-15-i5-13420h-16go-512go-ssd-rtx4050.html,PC PORTABLE GAMER MSI KATANA 15 I5-13420H 16GO 512GO SSD RTX4050,,https://agora.tn/fr/46533-home_default/pc-portable-gamer-msi-katana-15-i5-13420h-16go-512go-ssd-rtx4050.jpg,agora,"15.6""",,Intel Core i5,,16 Go,512 Go SSD,,Nvidia GeForce,FreeDos,Oui,"3 015,000 TND"
21JK001PFE,https://agora.tn/fr/pc-portable/16042-pc-portable-lenovo-thinkpad-e14-i7-1355u-8go-512go-ssd-mx550-noir.html,PC PORTABLE LENOVO THINKPAD E14 I7-1355U 8GO 512GO SSD MX550 NOIR,,https://agora.tn/fr/45545-home_default/pc-portable-lenovo-thinkpad-e14-i7-1355u-8go-512go-ssd-mx550-noir.jpg,agora,"14""",,Intel Core i7,,8 Go,512 Go SSD,,Nvidia GeForce,FreeDos,Non,"3 089,000 TND"
15A12VE-462XFR,https://agora.tn/fr/pc-portable-gaming/16126-pc-portable-gamer-msi-cyborg-15-a12ve-462xfr-i7-12650h-8go-512go-ssd-rtx4050.html,PC PORTABLE GAMER MSI CYBORG 15 A12VE-462XFR I7-12650H 8GO 512GO SSD RTX4050,,https://agora.tn/fr/45070-home_default/pc-portable-gamer-msi-cyborg-15-a12ve-462xfr-i7-12650h-8go-512go-ssd-rtx4050.jpg,agora,"15.6""",,Intel Core i7,,8 Go,512 Go SSD,,Nvidia GeForce,FreeDos,Oui,"3 099,000 TND"
83DV00A2FG,https://agora.tn/fr/pc-portable-gamer/15637-pc-portable-gamer-lenovo-loq-15irx9-i7-13650hx-16go-512go-ssd-rtx3050.html,PC PORTABLE GAMER LENOVO LOQ 15IRX9 I7-13650HX 16GO 512GO SSD RTX3050,,https://agora.tn/fr/43876-home_default/pc-portable-gamer-lenovo-loq-15irx9-i7-13650hx-16go-512go-ssd-rtx3050.jpg,agora,"15.6""",,Intel Core i7,,16 Go,512 Go SSD,,Nvidia GeForce,FreeDos,Oui,"3 099,000 TND"
TUF507NV-LP099W,https://agora.tn/fr/pc-portable-gamer/15711-pc-portable-asus-tuf-gaming-a15-amd-ryzen-5-8go-512go-ssd-rtx-4060.html,PC PORTABLE ASUS TUF GAMING A15 AMD RYZEN 5 8GO 512GO SSD RTX 4060,,https://agora.tn/fr/44016-home_default/pc-portable-asus-tuf-gaming-a15-amd-ryzen-5-8go-512go-ssd-rtx-4060.jpg,agora,"15.6""",,AMD RYZEN 5,,8 Go,512 Go SSD,,Nvidia GeForce,Windows,Oui,"3 145,000 TND"
G15-5530-I7-3Y,https://agora.tn/fr/pc-portable-gaming/14844-pc-portable-gamer-dell-g15-5530-i7-13650hx-16go-512go-ssd-rtx-3050.html,PC PORTABLE GAMER DELL G15 5530 I7-13650HX 16GO 512GO SSD RTX 3050,,https://agora.tn/fr/42016-home_default/pc-portable-gamer-dell-g15-5530-i7-13650hx-16go-512go-ssd-rtx-3050.jpg,agora,"15.6""",,Intel Core i7,,16 Go,512 Go SSD,,Nvidia GeForce,Windows,Oui,"3 225,000 TND"
83DV00JUFG,https://agora.tn/fr/pc-portable-gaming/16772-pc-portable-gamer-lenovo-loq-15irx9-i7-13650hx-16go-512go-ssd-rtx4050.html,PC PORTABLE GAMER LENOVO LOQ 15IRX9 I7-13650HX 16GO 512GO SSD RTX4050,,https://agora.tn/fr/46424-home_default/pc-portable-gamer-lenovo-loq-15irx9-i7-13650hx-16go-512go-ssd-rtx4050.jpg,agora,"15.6""",,Intel Core i7,,16 Go,512 Go SSD,,Nvidia GeForce,FreeDos,Oui,"3 249,000 TND"
GF63-12VF-413XFR,https://agora.tn/fr/pc-portable-gaming/16133-pc-portable-gamer-msi-thin-gf63-12vf-i7-12650h-16go-512go-ssd-rtx4060.html,PC PORTABLE GAMER MSI THIN GF63 12VF I7-12650H 16GO 512GO SSD RTX4060,,https://agora.tn/fr/45135-home_default/pc-portable-gamer-msi-thin-gf63-12vf-i7-12650h-16go-512go-ssd-rtx4060.jpg,agora,"15.6""",,Intel Core i7,,16 Go,512 Go SSD,,Nvidia GeForce,FreeDos,Oui,"3 279,000 TND"
TUF507NV-LP100W,https://agora.tn/fr/pc-portable-gamer/15709-pc-portable-asus-gamer-tuf-f15-amd-ryzen-7-8go-512go-ssd-rtx-4060.html,PC PORTABLE ASUS GAMER TUF F15 AMD RYZEN 7 8GO 512GO SSD RTX 4060,,https://agora.tn/fr/44012-home_default/pc-portable-asus-gamer-tuf-f15-amd-ryzen-7-8go-512go-ssd-rtx-4060.jpg,agora,"15.6""",,AMD RYZEN 7,,8 Go,512 Go SSD,,Nvidia GeForce,Windows,Oui,"3 349,000 TND"
9S7-158571-1696,https://agora.tn/fr/pc-portable-gamer/16827-pc-portable-gamer-msi-katana-15-i7-13620h-16go-512go-ssd-rtx4050.html,PC PORTABLE GAMER MSI KATANA 15 I7-13620H 16GO 512GO SSD RTX4050,,https://agora.tn/fr/46524-home_default/pc-portable-gamer-msi-katana-15-i7-13620h-16go-512go-ssd-rtx4050.jpg,agora,"15.6""",,Intel Core i7,,16 Go,512 Go SSD,,Nvidia GeForce,FreeDos,Oui,"3 355,000 TND"
GF63-12VF-413XFR-32G,https://agora.tn/fr/pc-portable-gamer/16110-pc-portable-gamer-msi-thin-gf63-12vf-i7-12650h-32go-512go-ssd-rtx4060.html,PC PORTABLE GAMER MSI THIN GF63 12VF I7-12650H 32GO 512GO SSD RTX4060,,https://agora.tn/fr/45026-home_default/pc-portable-gamer-msi-thin-gf63-12vf-i7-12650h-32go-512go-ssd-rtx4060.jpg,agora,"15.6""",,Intel Core i7,,32 Go,512 Go SSD,,Nvidia GeForce,FreeDos,Oui,"3 405,000 TND"
GIGABYTE-G6KF-I7,https://agora.tn/fr/pc-portable-gaming/16781-pc-portable-gamer-gigabyte-g6-kf-i7-13620h-rtx-4060.html,PC PORTABLE GAMER GIGABYTE G6 KF i7-13620H RTX 4060,,https://agora.tn/fr/46454-home_default/pc-portable-gamer-gigabyte-g6-kf-i7-13620h-rtx-4060.jpg,agora,"16""",,Intel Core i7,,16 Go,1 To SSD,,Nvidia GeForce,FreeDos,Oui,"3 699,000 TND"
UM3504DA-MA306W,https://agora.tn/fr/pc-portable/16855-pc-portable-asus-zenbook-15-oled-amd-ryzen-7-32go-1to-ssd-gris.html,PC PORTABLE ASUS ZENBOOK 15 OLED AMD RYZEN 7 32GO 1TO SSD GRIS,,https://agora.tn/fr/46692-home_default/pc-portable-asus-zenbook-15-oled-amd-ryzen-7-32go-1to-ssd-gris.jpg,agora,"15.6""",,AMD RYZEN 7,,32 Go,1 To SSD,,AMD Radeon,Windows,Non,"3 719,000 TND"
FX507VV-LP285W,https://agora.tn/fr/pc-portable-gaming/16871-pc-portable-gamer-asus-tuf-f15-i7-13620h-8go-512go-ssd-rtx4060-8g0.html,PC PORTABLE GAMER ASUS TUF F15 I7-13620H 8GO 512GO SSD RTX4060 8G0,,https://agora.tn/fr/46806-home_default/pc-portable-gamer-asus-tuf-f15-i7-13620h-8go-512go-ssd-rtx4060-8g0.jpg,agora,"14""",,Intel Core i7,,8 Go,512 Go SSD,,Nvidia GeForce,FreeDos,Oui,"3 859,000 TND"
UX3405MA-QD224W,https://agora.tn/fr/pc-portable/16129-pc-portable-asus-zenbook-14-oled-ultra-i7-155h-16go-1to-ssd-silver.html,PC PORTABLE ASUS ZENBOOK 14 OLED ULTRA I7-155H 16GO 1TO SSD SILVER,,https://agora.tn/fr/45152-home_default/pc-portable-asus-zenbook-14-oled-ultra-i7-155h-16go-1to-ssd-silver.jpg,agora,"14""",,Intel Core i7,,16 Go,1 To,,Graphique Intégrée,Windows 11,Non,"3 859,000 TND"
TUF507VV-LP197W,https://agora.tn/fr/pc-portable-gaming/15708-pc-portable-gamer-asus-tuf-f15-i7-13620h-rtx-4060-8g-8-go-ddr5-512-go-ssd.html,PC PORTABLE GAMER ASUS TUF F15 I7-13620H RTX 4060 8G 8 GO DDR5 512 GO SSD,,https://agora.tn/fr/44004-home_default/pc-portable-gamer-asus-tuf-f15-i7-13620h-rtx-4060-8g-8-go-ddr5-512-go-ssd.jpg,agora,"15.6""",,Intel Core i7,,8 Go,512 Go SSD,,Nvidia GeForce,Windows,Oui,"3 999,000 TND"
82XV00L8FG,https://agora.tn/fr/pc-portable-gaming/14730-pc-portable-gamer-lenovo-loq-15irh8-i7-13620h-16go-1to-ssd-rtx4050.html,PC PORTABLE GAMER LENOVO LOQ 15IRH8 I7-13620H 16GO 1TO SSD RTX4050,,https://agora.tn/fr/41780-home_default/pc-portable-gamer-lenovo-loq-15irh8-i7-13620h-16go-1to-ssd-rtx4050.jpg,agora,"15.6""",,Intel Core i7,,16 Go,1 To SSD,,Nvidia GeForce,FreeDos,Oui,"3 999,000 TND"
TUF507VU-LP143W,https://agora.tn/fr/pc-portable-gaming/15712-pc-portable-gamer-asus-tuf-f15-i9-13900h-16go-512go-ssd-rtx-4050.html,PC PORTABLE GAMER ASUS TUF F15 I9-13900H 16GO 512GO SSD RTX 4050,,https://agora.tn/fr/44026-home_default/pc-portable-gamer-asus-tuf-f15-i9-13900h-16go-512go-ssd-rtx-4050.jpg,agora,"15.6""",,Intel Core i9,,16 Go,512 Go SSD,,Nvidia GeForce,Windows,Oui,"4 329,000 TND"
UP3404VA-KN060W,https://agora.tn/fr/pc-portable/15701-pc-portable-asus-zenbook-flip-oled-i7-1360p-16go-1to-ssd.html,PC PORTABLE ASUS ZENBOOK FLIP OLED I7-1360P 16GO 1TO SSD,,https://agora.tn/fr/44076-home_default/pc-portable-asus-zenbook-flip-oled-i7-1360p-16go-1to-ssd.jpg,agora,"14""",,Intel Core i7,,16 Go,1 To SSD,,Graphique Intégrée,Windows,Non,"4 429,000 TND"
82WM00CCFG,https://agora.tn/fr/pc-portable-gamer/16700-pc-portable-gamer-lenovo-legion-pro-5-rayzen-7-rtx4050.html,PC PORTABLE GAMER LENOVO LÉGION PRO 5 RAYZEN 7 RTX4050,,https://agora.tn/fr/46295-home_default/pc-portable-gamer-lenovo-legion-pro-5-rayzen-7-rtx4050.jpg,agora,"16""",,AMD RYZEN 7,,16 Go,1 To SSD,,Nvidia GeForce,Windows 11,Oui,"4 589,000 TND"
90NB10Z2-M006,https://agora.tn/fr/pc-portable-gaming/15209-pc-portable-asus-vivobook-pro-k6604ji-i7-13650hx-16go-512go-ssd-rtx4070.html,PC PORTABLE ASUS VIVOBOOK PRO K6604JI I7-13650HX 16GO 512GO SSD RTX4070,,https://agora.tn/fr/42588-home_default/pc-portable-asus-vivobook-pro-k6604ji-i7-13650hx-16go-512go-ssd-rtx4070.jpg,agora,"16""",,Intel Core i7,,16 Go,512 Go SSD,,Nvidia GeForce,Windows,Oui,"4 785,000 TND"
G15-5530-I9,https://agora.tn/fr/pc-portable-gaming/15966-pc-portable-gamer-dell-g15-5530-i9-13900hx-32go-1to-ssd-rtx4060.html,PC PORTABLE GAMER DELL G15 5530 I9-13900HX 32GO 1TO SSD RTX4060,,https://agora.tn/fr/44779-home_default/pc-portable-gamer-dell-g15-5530-i9-13900hx-32go-1to-ssd-rtx4060.jpg,agora,"15.6""",,Intel Core i9,,32 Go,1 To SSD,,Nvidia GeForce,Windows,Oui,"5 219,000 TND"
