Référence,lien,nom,Marque,image_url,boutique,Taille de l'écran,Résolution écran,Processeur,Référence processeur,Mémoire,Disque dur,Type de disque dur,Carte graphique,Système d'exploitation,Gamer,prix
X515KA-EJ008,https://batam.com.tn/asus-celeron-4-256-silver-43007318.html,PC Portable  ASUS Intel Celeron N4500 4Go 256Go SSD - Silver  + Souris + Sacoche Gratuites,ASUS,https://batam.com.tn/media/catalog/product/cache/26742a42496e58e10979d74ecdf1cb51/4/3/43007318_1.jpg,Batam,"15,6''",1920 x 1080,Intel Celeron,Intel® Celeron® N4500,4 Go,256GO,SSD,Graphique Intégrée,FreeDos,Non,"629,000 DT"
82QY00PEFE,https://batam.com.tn/pc-lenovo-n4500-8gb-256-ssd-43007899.html,PC Portable LENOVO V15 G2 IJL Intel Celeron N4500 8Go 256Go SSD - Noir,LENOVO,https://batam.com.tn/media/catalog/product/cache/26742a42496e58e10979d74ecdf1cb51/4/3/43007899.jpg,Batam,"15,6''",1920 x 1080,Intel Celeron,Intel® Celeron® N4500,8 Go,256GO,SSD,Graphique Intégrée,FreeDos,Non,"729,000 DT"
82LX00CKFG,https://batam.com.tn/pc-lenovon-celeron-8-256blue-43007304.html,PC Portable LENOVO IdeaPad 1 15IJL7 Intel Celeron N4500 8Go 256Go SSD - Bleu,LENOVO,https://batam.com.tn/media/catalog/product/cache/26742a42496e58e10979d74ecdf1cb51/4/3/43007304.jpg,Batam,"15,6''",1366 x 768,Intel Celeron,Intel® Celeron® N4500,8 Go,256GO,SSD,Graphique Intégrée,FreeDos,Non,"729,000 DT"
82LX00CFFG,https://batam.com.tn/pc-lenovon-celeron-8-256bgrey-43007305.html,PC Portable LENOVO IdeaPad 1 15IJL7 Intel Celeron N4500 8Go 256Go SSD - Gris,LENOVO,https://batam.com.tn/media/catalog/product/cache/26742a42496e58e10979d74ecdf1cb51/4/3/43007305.jpg,Batam,"15,6''",1366 x 768,Intel Celeron,Intel® Celeron® N4500,8 Go,256GO,SSD,Graphique Intégrée,FreeDos,Non,"729,000 DT"
82LX00CEFG,https://batam.com.tn/pc-lenovo-celeron-8-256-w11-43008035.html,PC Portable LENOVO IdeaPad 1 15IJL7 Intel Celeron N4500 8G 256Go SSD - Gris,LENOVO,https://batam.com.tn/media/catalog/product/cache/26742a42496e58e10979d74ecdf1cb51/4/3/43008035.jpg,Batam,"15,6''",1366 x 768,Intel Celeron,Intel® Celeron® N4500,8 Go,256GO,SSD,Graphique Intégrée,Windows 11 Famille,Non,"735,000 DT"
A30XQEA,https://batam.com.tn/hp-celeron-4go-256ssd-black-43008037.html,PC Portable HP 15-fd0298nk Intel N100 4G 256Go SSD - Noir,HP,https://batam.com.tn/media/catalog/product/cache/26742a42496e58e10979d74ecdf1cb51/4/3/43008037.jpg,Batam,"15,6''",1366 x 768,Intel Celeron,Intel® N100,4 Go,256GO,SSD,Graphique Intégrée,FreeDos,Non,"789,000 DT"
82VG00NYFG,https://batam.com.tn/ip1-amd-athlon8g-2566-w11gr-sa-43006666.html,PC Portable LENOVO IdeaPad 1 15AMN7 AMD Athlon 8Go 256Go SSD - Gris+ Sacoche LENOVO T210,LENOVO,https://batam.com.tn/media/catalog/product/cache/26742a42496e58e10979d74ecdf1cb51/4/3/43006666_4.jpg,Batam,"15,6''",1366 x 768,AMD Athlon,AMD Athlon Silver 7120U,8 Go,256GO,SSD,AMD Radeon,Windows 11 Famille,Non,"799,000 DT"
15-fd0029nk,https://batam.com.tn/hp-celeron-4gb-256-w11-blue-43008038.html,PC Portable HP 15-fd0029nk Intel N100 4Go 256Go SSD - Silver & Bleu,HP,https://batam.com.tn/media/catalog/product/cache/26742a42496e58e10979d74ecdf1cb51/4/3/43008038.jpg,Batam,"15,6''",1920 x 1080,Intel Celeron,Intel® N100,4Go,256GO,SSD,Graphique Intégrée,Windows 11 Famille,Non,"819,000 DT"
V3530I3,https://batam.com.tn/dell-vostro-3530-i3-8-256-w11-43006996.html,Pc Portable DELL Vostro 3530 i3 13ème Gén 8Go 256Go SSD  Noir,DELL,https://batam.com.tn/media/catalog/product/cache/26742a42496e58e10979d74ecdf1cb51/4/3/43006996.jpg,Batam,"15,6''",,Intel Core i3,"Intel Core i3-1305U ( Jusqu'à 4.50 GHz,10 Mo de mémoire cache)",8 Go,256GO,SSD,,Windows 11,Non,"1 069,000 DT"
V3520-I3-512SSD,https://batam.com.tn/dellvostro3520-i3-1215u-8-512g-43005854.html,Pc Portable DELL Vostro 3520 i3 12è Gén 8Go 512Go SSD - Noir,DELL,https://batam.com.tn/media/catalog/product/cache/26742a42496e58e10979d74ecdf1cb51/4/3/43005854_2.jpg,Batam,"15,6''",1920 x 1080,Intel Core i3,Intel® Core™ i3-1215U,8 Go,512GO,SSD,Graphique Intégrée,FreeDos,Non,"1 079,000 DT"
WARMLK2_N15MDO_2500_1002_UBU,https://batam.com.tn/pc-dell-insp-r5-8-512gb-ssd-43008072.html,Pc Portable DELL Inspiron 15 3535 AMD RYZEN 5 8G 512Go SSD - Noir,DELL,https://batam.com.tn/media/catalog/product/cache/26742a42496e58e10979d74ecdf1cb51/4/3/43008072.jpg,Batam,"15,6''",1920 x 1080,AMD Ryzen 5,AMD Ryzen™ 5 7520U,8 Go,512GO,SSD,AMD Radeon,Ubunto,Non,"1 099,000 DT"
X1504VA-NJ432W,https://batam.com.tn/asus-3-1315u-w11-8-256s-im-43006713.html,PC Portable ASUS Vivobook 15 X1504VA i3 13è Gén 8Go 256G SSD - Silver + Imprimante Gratuite,ASUS,https://batam.com.tn/media/catalog/product/cache/26742a42496e58e10979d74ecdf1cb51/4/3/43006713_1.jpg,Batam,"15,6''",1920 x 1080,Intel Core i3,Intel® Core™ i3-1315U,8 Go,256GO,SSD,Graphique Intégrée,Windows 11 Famille,Non,"1 169,000 DT"
A2AN9EA,https://batam.com.tn/pc-hp-i3-8g-512-a2an9ea-gold-43006559.html,Pc Portable HP 15-fd0051nk I3-N305 8Go 512Go SSD  Silver & Or Chaud,HP,https://batam.com.tn/media/catalog/product/cache/26742a42496e58e10979d74ecdf1cb51/4/3/43006559.1jpg.jpg,Batam,"15,6''",1920 x 1080,Intel Core i3,Intel® Core™ i3-N305,8 Go,512GO,SSD,Graphique Intégrée,FreeDos,Non,"1 169,000 DT"
A2AP0EA,https://batam.com.tn/pc-portable-hp-15-i3-n305-silv-43006557.html,PC Portable HP 15-FD0053NK I3-N305 8GO 512GO SSD Silver,HP,https://batam.com.tn/media/catalog/product/cache/26742a42496e58e10979d74ecdf1cb51/4/3/43006557_1.jpg,Batam,"15,6''",1920 x 1080,Intel Core i3,Intel® Core™ i3-N305,8 Go,512GO,SSD,Graphique Intégrée,FreeDos,Non,"1 169,000 DT"
82X700DFFG,https://batam.com.tn/pc-lenovo-i3-13-eme-8-512-43008036.html,PC Portable LENOVO IdeaPad Slim 3 15IRU8 i3 13è Gén 8G 512G SSD - Gris + Sacoche Gratuite,LENOVO,https://batam.com.tn/media/catalog/product/cache/26742a42496e58e10979d74ecdf1cb51/4/3/43008036.jpg,Batam,"15,6''",1920 x 1080,Intel Core i3,Intel® Core™ i3-1315U,8 Go,512GO,SSD,Graphique Intégrée,FreeDos,Non,"1 179,000 DT"
N1612QVNB3530_UBU,https://batam.com.tn/pc-dell-3530-core-i3-8-512-43007810.html,Pc Portable Dell Vostro 3530 i3 13Gén 8Go 512Go SSD Ubuntu,DELL,https://batam.com.tn/media/catalog/product/cache/26742a42496e58e10979d74ecdf1cb51/4/3/43007810.jpg,Batam,"15,6''",1920 x 1080,Intel Core i3,Intel Core i3-1305U,8 Go,512GO,SSD,Graphique Intégrée,Ubunto,Non,"1 199,000 DT"
X1504VA-NJ814W,https://batam.com.tn/asus-i3-8-512-win-11-silver-43007322.html,PC Portable ASUS Vivobook 15 X1504VA i3 13è Gén 8G 512Go SSD - Silver + Sacoche Gratuite,ASUS,https://batam.com.tn/media/catalog/product/cache/26742a42496e58e10979d74ecdf1cb51/4/3/43007322_1.jpg,Batam,"15,6''",1920 x 1080,Intel Core i3,Intel® Core™ i3-1315U,8 Go,512GO,SSD,Graphique Intégrée,Windows 11 Famille,Non,"1 199,000 DT"
X1504VA-NJ518W,https://batam.com.tn/asus-i3-8-512-win-11-blue-43007323.html,Pc Portable Asus Vivobook 15 X1504va I3 13è Gén 8G 512Go Ssd – Bleu,ASUS,https://batam.com.tn/media/catalog/product/cache/26742a42496e58e10979d74ecdf1cb51/4/3/43007323.png,Batam,"15,6''",1920 x 1080,Intel Core i3,Intel® Core™ i3-1315U,8 Go,512GO,SSD,Intel® Graphics,Windows 11,Non,"1 199,000 DT"
X1504VA-NJ519W,https://batam.com.tn/asus-3-1315u-w11-4-256s-im-43006714.html,PC Portable ASUS Vivobook 15 X1504VA i3 13è Gén 4Go 256Go SSD - Bleu + Imprimante MG2540S,ASUS,https://batam.com.tn/media/catalog/product/cache/26742a42496e58e10979d74ecdf1cb51/4/3/43006714_3.jpg,Batam,"15,6''",1920 x 1080,Intel Core i3,Intel® Core™ i3-1315U,4 Go,256GO,SSD,Graphique Intégrée,Windows 11 Famille,Non,"1 199,000 DT"
A2MM1EA,https://batam.com.tn/hp-i3-8-512-moonlight-blue-43008039.html,Pc Portable HP 15-fd0052nk I3-N305 8G 512Go SSD - Silver & Bleu,HP,https://batam.com.tn/media/catalog/product/cache/26742a42496e58e10979d74ecdf1cb51/4/3/43008039.jpg,Batam,"15,6''",1920 x 1080,Intel Core i3,Intel® Core™ i3-N305,8 Go,512GO,SSD,Graphique Intégrée,FreeDos,Non,"1 219,000 DT"
82R400XLFG,https://batam.com.tn/pc-lenovo-r7-8-512-blue-sa-43007345.html,PC Portable LENOVO IdeaPad 1 15ALC7 AMD RYZEN 7 8Go 512Go SSD - Bleu + Sacoche Gratuite,LENOVO,https://batam.com.tn/media/catalog/product/cache/26742a42496e58e10979d74ecdf1cb51/4/3/43007345_1.jpg,Batam,"15,6''",1920 x 1080,AMD Ryzen 7,AMD Ryzen™ 7 5700U,8 Go,512GO,SSD,AMD Radeon,FreeDos,Non,"1 519,000 DT"
83ER00H5FG,https://batam.com.tn/pc-lenovo-i5-16g-512-sa-gry-43007306.html,PC Portable LENOVO IdeaPad Slim 3 15IAH8 i5 12è Gén 16Go 512Go SSD - Gris + Sacoche Gratuite,LENOVO,https://batam.com.tn/media/catalog/product/cache/26742a42496e58e10979d74ecdf1cb51/4/3/43007306.1.jpg,Batam,"15,6''",1920 x 1080,Intel Core i5,Intel® Core™ i5-12450H,16 Go,512GO,SSD,Graphique Intégrée,FreeDos,Non,"1 539,000 DT"
83EM008TFG,https://batam.com.tn/83em008tfg-lenovoi5-8-512g-sa-43006693.html,PC Portable LENOVO IdeaPad Slim 3 15IRH8 i5 13è Gén 8Go 512G SSD  Gris (83EM008TFG) + Sacoche 24M Gratuite,LENOVO,https://batam.com.tn/media/catalog/product/cache/26742a42496e58e10979d74ecdf1cb51/4/3/43006693_1_1.jpg,Batam,"15,6''",1920 x 1080,Intel Core i5,ntel® Core™ i5-13420H,8 Go,512GO,SSD,Graphique Intégrée,FreeDos,Non,"1 549,000 DT"
83EM00GMFG,https://batam.com.tn/pc-lenovo-i5-16-512gb-grey-24m-43007516.html,PC Portable LENOVO IdeaPad Slim 3 15IRH8 i5 13è Gén 16Go 512Go SSD - Gris + Sacoche,LENOVO,https://batam.com.tn/media/catalog/product/cache/26742a42496e58e10979d74ecdf1cb51/4/3/43007516-.jpg,Batam,"15,6''",1920 x 1080,Intel Core i5,Intel® Core™ i5-13420H,16 Go,512GO,SSD,Graphique Intégrée,FreeDos,Non,"1 589,000 DT"
361505-3530,https://batam.com.tn/pc-portable-dell-vostro-3530-i5-13e-gen-8go-512go-ssd-noir-43007003.html,Pc Portable DELL Vostro 3530 i5 13è Gén 8Go 512Go SSD - Noir,DELL,https://batam.com.tn/media/catalog/product/cache/26742a42496e58e10979d74ecdf1cb51/4/3/43007003.jpg,Batam,"15,6''",1920 x 1080,Intel Core i5,Processeur Intel Core i5-1335U,8 Go,512GO,SSD,Graphique Intégrée,Windows 11,Non,"1 599,000 DT"
V3520-I5-512SSD,https://batam.com.tn/dellvostro3520-i5-1235u-8-512g-43005855.html,Pc Portable DELL VOSTRO 3520 I5-1235U 8/512G + Sacoche Gratuite,DELL,https://batam.com.tn/media/catalog/product/cache/26742a42496e58e10979d74ecdf1cb51/4/3/43005855_2.jpg,Batam,"15,6''",1920 x 1080,Intel Core i5,Intel® Core™ i5-1235U,8 Go,512GO,SSD,Graphique Intégrée,Ubunto,Non,"1 599,000 DT"
X1502VA-NJ722W,https://batam.com.tn/asus-i5-8-512-win-11-silver-43007678.html,PC Portable ASUS Vivobook 15 X1502VA i5 13è Gén 8G 512Go SSD - Silver,ASUS,https://batam.com.tn/media/catalog/product/cache/26742a42496e58e10979d74ecdf1cb51/4/3/43007678.jpg,Batam,"15,6''",1920 x 1080,Intel Core i5,Intel® Core™ i5-13420H,8 Go,512GO,SSD,Graphique Intégrée,Windows 11 Famille,Non,"1 649,000 DT"
X1502VA-NJ561W,https://batam.com.tn/asus-i5-8-512-win-11-blue-43007669.html,PC Portable ASUS Vivobook 15 X1502VA i5 13è Gén 8G 512Go SSD - Bleu,ASUS,https://batam.com.tn/media/catalog/product/cache/26742a42496e58e10979d74ecdf1cb51/4/3/43007669.jpg,Batam,"15,6''",1920 x 1080,Intel Core i5,Intel® Core™ i5-13420H,8 Go,512GO,SSD,Graphique Intégrée,Windows 11 Famille,Non,"1 649,000 DT"
82R400XLFG/TN,https://batam.com.tn/lenovo-r7-8-512gb-w11-blue-43007652.html,PC Portable LENOVO IdeaPad 1 15ALC7 AMD RYZEN 7 8Go 512Go SSD - Bleu + Sacoche Gratuite,LENOVO,https://batam.com.tn/media/catalog/product/cache/26742a42496e58e10979d74ecdf1cb51/4/3/43007652_2.jpg,Batam,"15,6''",1920 x 1080,AMD Ryzen 7,AMD Ryzen™ 7 5700U,8 Go,512GO,SSD,AMD Radeon,FreeDos,Non,"1 649,000 DT"
X1502VA-NJ231W,https://batam.com.tn/x1502va-nj231w-asus-i5-8-512-43006695.html,PC Portable ASUS Vivobook 15 X1502VA i5 13è Gén 8Go 512Go SSD - Silver +Sacoche gratuite,ASUS,https://batam.com.tn/media/catalog/product/cache/26742a42496e58e10979d74ecdf1cb51/4/3/43006695_1_1.jpg,Batam,"15,6''",1920 x 1080,Intel Core i5,Intel® Core™ i5-13500H,8 Go,512GO,SSD,Graphique Intégrée,Windows 11 Famille,Non,"1 669,000 DT"
9D6V9EA,https://batam.com.tn/pc-hp-i5-8gb-512gb-w11-blue-43006998.html,PC Portable HP 15-fd0041nk i5 13è Gén 8Go 512Go SSD - Silver & Bleu,HP,https://batam.com.tn/media/catalog/product/cache/26742a42496e58e10979d74ecdf1cb51/4/3/43006998.jpg,Batam,"15,6''",1920 x 1080,Intel Core i5,Intel® Core™ i5-1334U,8 Go,512GO,SSD,Graphique Intégrée,Windows 11 Famille,Non,"1 689,000 DT"
83A1009HFE,https://batam.com.tn/83a1009hfe-lenovo-v15-i5-8-512-43006777.html,PC Portable LENOVO V15 G4 IRU i5 13è Gén 8Go 512Go SSD - Noir,LENOVO,https://batam.com.tn/media/catalog/product/cache/26742a42496e58e10979d74ecdf1cb51/4/3/43006777_3.jpg,Batam,"15,6''",1920 x 1080,Intel Core i5,Intel® Core™ i5-13420H,8 Go,512GO,SSD,Graphique Intégrée,FreeDos,Non,"1 699,000 DT"
6D6W0EA,https://batam.com.tn/hp-14-i5-8-256-w11-na-silver-43008047.html,PC Portable HP 14s-dq5001nk i5 12Gén 8Go 256Go SSD Silver,HP,https://batam.com.tn/media/catalog/product/cache/26742a42496e58e10979d74ecdf1cb51/4/3/43008047.jpg,Batam,14'',,Intel Core i5,Intel Core i5-1235U,8 Go,256GO,SSD,Graphique Intégrée,Windows 11 Famille,Non,"1 739,000 DT"
9D6W0EA,https://batam.com.tn/hp-core-i5-8-512-w11-silver-43008040.html,PC Portable HP 15-fd0042nk I5 13è Gén 8Go 512Go SSD – Silver,HP,https://batam.com.tn/media/catalog/product/cache/26742a42496e58e10979d74ecdf1cb51/4/3/43008040.jpg,Batam,"15,6''",1920 x 1080,Intel Core i5,Intel® Core™ i5-1334U,8 Go,512GO,SSD,Graphique Intégrée,Windows 11 Famille,Non,"1 749,000 DT"
9D6W1EA,https://batam.com.tn/hpcore-i5-8-512-w11-warm-gold-43008041.html,PC Portable HP 15-fd0048nk i5 13è Gén 8Go 512Go SSD - Silver & Or Chaud,HP,https://batam.com.tn/media/catalog/product/cache/26742a42496e58e10979d74ecdf1cb51/4/3/43008041.jpg,Batam,"15,6''",1920 x 1080,Intel Core i5,Intel® Core™ i5-1334U,8 Go,512GO,SSD,Graphique Intégrée,Windows 11 Famille,Non,"1 749,000 DT"
B7VN6EA,https://batam.com.tn/hp-core-i5-8g-512-w11n-silver-43008042.html,PC Portable HP 15-fd0349nk i5 13Gén 8Go 512Go SSD - Silver,HP,https://batam.com.tn/media/catalog/product/cache/26742a42496e58e10979d74ecdf1cb51/4/3/43008042.jpg,Batam,"15,6''",1920 x 1080,Intel Core i5,Intel® Core™ i5-1334U,8 Go,512GO,SSD,Graphique Intégrée,Windows 11,Non,"1 769,000 DT"
82XM00H6FG,https://batam.com.tn/pc-lenovo-r7-16-512-sa-gry-43007309.html,PC Portable LENOVO IdeaPad Slim 3 15ABR8 AMD RYZEN 7 16Go 512Go SSD - Gris + Sacoche Gratuite,LENOVO,https://batam.com.tn/media/catalog/product/cache/26742a42496e58e10979d74ecdf1cb51/4/3/43007309_2.jpg,Batam,"15,6''",1920 x 1080,AMD Ryzen 7,AMD Ryzen™ 7 5700U,16 Go,512GO,SSD,AMD Radeon,FreeDos,Non,"1 769,000 DT"
WARMLK2_N15BCLR_2500_1102_UBU,https://batam.com.tn/pc-dell-insp-r7-16-1tb-ssd-43008073.html,Pc Portable DELL Inspiron 15 3535 AMD RYZEN 7 16Go 1To SSD - Noir,DELL,https://batam.com.tn/media/catalog/product/cache/26742a42496e58e10979d74ecdf1cb51/4/3/43008073.7_2_.jpg,Batam,"15,6''",1920 x 1080,AMD Ryzen 7,AMD Ryzen™ 7 7730U,16 Go,1 To SSD,SSD,AMD Radeon,Ubunto,Non,"1 779,000 DT"
A76C2EA,https://batam.com.tn/hp-r7-16-512-w11-nsilverradeon-43008046.html,PC Portable HP 15-fc0053nk Ryzen 7 16 Go 512Go SSD - Silver,HP,https://batam.com.tn/media/catalog/product/cache/26742a42496e58e10979d74ecdf1cb51/4/3/43008046.png,Batam,"15,6''",,AMD Ryzen 7,AMD Ryzen™ 7 7730U,16 Go,512GO,SSD,Graphique Intégrée,Windows 11 Famille,Non,"1 869,000 DT"
V3520-I7-512SSD,https://batam.com.tn/dell-i7-1255u-15-6-8go-512go-43006836.html,Pc Portable DELL Vostro 3520 i7 12ème Gén 8Go 512Go SSD,DELL,https://batam.com.tn/media/catalog/product/cache/26742a42496e58e10979d74ecdf1cb51/4/3/43006836_1.jpg,Batam,"15,6''",1920 x 1080,Intel Core i7,Intel® Core™ i7-1255U,8 Go,512GO,SSD,Graphique Intégrée,FreeDos,Non,"1 899,000 DT"
A0DB5EA,https://batam.com.tn/hp-i5-8-512g-mx570a-2gb-w11h6-43006994.html,PC Portable HP 15-fd0046nk i5 13è Gén 8Go 512Go SSD - Silver & Or Chaud,HP,https://batam.com.tn/media/catalog/product/cache/26742a42496e58e10979d74ecdf1cb51/4/3/43006994_1.jpg,Batam,"15,6''",1920 x 1080,Intel Core i5,Intel® Core™ i5-1334U,8 Go,512GO,SSD,Nvidia GeForce,Windows 11 Famille,Non,"1 939,000 DT"
82QD00FYFG,https://batam.com.tn/82qd00fyfg-lenovo-i7-8-512g-sa-43006696.html,PC Portable LENOVO IdeaPad 1 15IAU7 i7 12è Gén 8Go 512Go SSD - Bleu + Sacoche Gratuite,LENOVO,https://batam.com.tn/media/catalog/product/cache/26742a42496e58e10979d74ecdf1cb51/4/3/43006696_3.jpg,Batam,"15,6''",1920 x 1080,Intel Core i7,Intel® Core™ i7-1255U,8 Go,512GO,SSD,Graphique Intégrée,FreeDos,Non,"1 969,000 DT"
AB1T5EA,https://batam.com.tn/hp-i5-8-512ssd-mx570-silver-43008044.html,PC Portable HP 15-fd0079nk i5 13è Gén 8Go 512Go SSD - Silver,HP,https://batam.com.tn/media/catalog/product/cache/26742a42496e58e10979d74ecdf1cb51/4/3/43008044.jpg,Batam,"15,6''",1920 x 1080,Intel Core i5,Intel® Core™ i5-1334U,8 Go,512GO,SSD,Nvidia GeForce,FreeDos,Non,"1 999,000 DT"
AB1T6EA,https://batam.com.tn/hp-core-i5-8-512-2g-mx570-noir-43008045.html,PC Portable HP 15-fd0080nk i5 13è Gén 8Go 512Go SSD - Noir,HP,https://batam.com.tn/media/catalog/product/cache/26742a42496e58e10979d74ecdf1cb51/4/3/43008045.jpg,Batam,"15,6''",1920 x 1080,Intel Core i5,Intel® Core™ i5-1334U,8 Go,512GO,SSD,Nvidia GeForce,FreeDos,Non,"1 999,000 DT"
B1402CVA-NK2615,https://batam.com.tn/experbook-asus-i5-16-512-14p-43007797.html,Pc Portable Asus Expertbook B1402 i5 13Gén 16Go 512Go SSD,ASUS,https://batam.com.tn/media/catalog/product/cache/26742a42496e58e10979d74ecdf1cb51/4/3/43007797.jpg,Batam,14'',,Intel Core i5,,16 Go,512GO,SSD,Graphique Intégrée,FreeDos,Non,"1 999,000 DT"
X1502VA-NJ563W,https://batam.com.tn/asus-i7-8-512-win-11-bleu-43007679.html,Pc Portable Asus VivoBook 15X1502VA I7 13È Gén 8Go 512Go SSD – Bleu- X1502VA-NJ563W,ASUS,https://batam.com.tn/media/catalog/product/cache/26742a42496e58e10979d74ecdf1cb51/4/3/43007679.jpg,Batam,"15,6''",,Intel Core i5,,8 Go,512GO,SSD,Intel® HD Graphics,Windows 11 Famille,Non,"1 999,000 DT"
X1502VA-NJ233W,https://batam.com.tn/asusi7-13700hddr4-8-512g-w11sl-43005859.html,PC Portable ASUS Vivobook 15 X1502VA i7 13è Gén 8Go 512Go SSD - Silver,ASUS,https://batam.com.tn/media/catalog/product/cache/26742a42496e58e10979d74ecdf1cb51/4/3/43005859.1.jpg,Batam,"15,6''",1920 x 1080,Intel Core i7,,8 Go,512GO,SSD,Graphique Intégrée,Windows 11,Non,"1 999,000 DT"
A0DB5EA,https://batam.com.tn/hp-i5-8-512-w11-mx570-gold-43008043.html,PC Portable HP 15-fd0046nk i5 13è Gén 8Go 512Go SSD - Silver & Or Chaud,HP,https://batam.com.tn/media/catalog/product/cache/26742a42496e58e10979d74ecdf1cb51/4/3/43008043.jpg,Batam,"15,6''",1920 x 1080,Intel Core i5,Intel® Core™ i5-1334U,8 Go,512GO,SSD,Nvidia GeForce,Windows 11 Famille,Non,"2 019,000 DT"
83EM00GNFG/TN,https://batam.com.tn/lenovo-i7-16-512g-dos-grey-43007653.html,PC Portable LENOVO IdeaPad Slim 3 15IRH8 i7 13è Gén 16Go 512G SSD - Gris,LENOVO,https://batam.com.tn/media/catalog/product/cache/26742a42496e58e10979d74ecdf1cb51/4/3/43007653.jpg,Batam,"15,6''",1920 x 1080,Intel Core i7,Intel® Core™ i7-13620H,16 Go,512GO,SSD,Graphique Intégrée,FreeDos,Non,"2 019,000 DT"
83EM008XFG,https://batam.com.tn/pc-lenovo-i7-16-512g-sa-gry-43007308.html,PC Portable LENOVO IdeaPad Slim 3 15IRH8 i7 13è Gén 16Go 512Go SSD - Gris,LENOVO,https://batam.com.tn/media/catalog/product/cache/26742a42496e58e10979d74ecdf1cb51/4/3/43007308.jpg,Batam,"15,6''",1920 x 1080,Intel Core i7,Intel® Core™ i7-13620H,16 Go,512GO,SSD,Graphique Intégrée,FreeDos,Non,"2 019,000 DT"
X1502VA-NJ654W,https://batam.com.tn/asus-i7-8-512-win-11-silver-43007670.html,PC Portable ASUS Vivobook 15 X1502VA i7 13è Gén 8G 512Go SSD - Silver,ASUS,https://batam.com.tn/media/catalog/product/cache/26742a42496e58e10979d74ecdf1cb51/4/3/43007670.jpg,Batam,"15,6''",1920 x 1080,Intel Core i7,Intel® Core™ i7-13620H,8 Go,512GO,SSD,Graphique Intégrée,Windows 11 Famille,Non,"2 099,000 DT"
N1601PVNB3530_UBU,https://batam.com.tn/pc-dell-3530-core-i7-8-512-43007811.html,Pc Portable Dell Vostro 3530 i7 13Gén 8Go 512Go SSD Ubuntu,DELL,https://batam.com.tn/media/catalog/product/cache/26742a42496e58e10979d74ecdf1cb51/4/3/43007811.jpg,Batam,"15,6''",1920 x 1080,Intel Core i7,Intel Core i7-1335U,8 Go,512GO,SSD,Graphique Intégrée,Ubunto,Non,"2 165,000 DT"
X1502VA-NJ257W,https://batam.com.tn/asusi9-13900h-ddr4-8-512gw11si-43005860.html,PC Portable ASUS Vivobook 15 X1502VA i9 13è Gén 8Go 512Go SSD - Silver + Sacoche Gratuite,ASUS,https://batam.com.tn/media/catalog/product/cache/26742a42496e58e10979d74ecdf1cb51/4/3/43005860.1_1.jpg,Batam,"15,6''",1920 x 1080,Intel Core i9,Processeur Intel Core I9-13900H,8 Go,512GO,SSD,Graphique Intégrée,Windows 11 Famille,Non,"2 175,000 DT"
A2AQ2EA,https://batam.com.tn/pc-hp-i7-8g-512-a2aq2ea-silver-43006564.html,PC Portable HP 15-fd0286nk i7 13è Gén 8Go 512Go SSD - Silver + Sacoche Gratuite,HP,https://batam.com.tn/media/catalog/product/cache/26742a42496e58e10979d74ecdf1cb51/4/3/43006564_2.jpg,Batam,"15,6''",1920 x 1080,Intel Core i7,Intel® Core™ i7-1355U,8 Go,512GO,SSD,Graphique Intégrée,FreeDos,Non,"2 249,000 DT"
845L4EA,https://batam.com.tn/hp-pavilionx360-14-i5-8-512w11-43008049.html,PC Portable HP Pavilion x360 2-in-1 14-ek1001nk i5 13è Gén 8Go 512Go SSD - Silver,HP,https://batam.com.tn/media/catalog/product/cache/26742a42496e58e10979d74ecdf1cb51/4/3/43008049.jpg,Batam,14'',1920 x 1080,Intel Core i5,Intel® Core™ i5-1335U,8 Go,512GO,SSD,Graphique Intégrée,Windows 11 Famille,Non,"2 399,000 DT"
X1504VA-NJ929W,https://batam.com.tn/asus-u7-8g-512-win-11-silver-43007321.html,Pc Portable Asus X1504VA-NJ929W U7 8G 512Go Ssd Silver,ASUS,https://batam.com.tn/media/catalog/product/cache/26742a42496e58e10979d74ecdf1cb51/4/3/43007321_1_1.jpg,Batam,"15,6''",,U7,,8 Go,512GO,SSD,,Windows 11,Non,"2 399,000 DT"
7J0G9EA,https://batam.com.tn/hp-14s-i7-8-512-w11n-silver-43008048.html,PC Portable HP 14s-dq5005nk i7 12Gén 8Go 512Go SSD - Silver,HP,https://batam.com.tn/media/catalog/product/cache/26742a42496e58e10979d74ecdf1cb51/4/3/43008048.jpg,Batam,14'',1920 x 1080,Intel Core i7,Intel® Core™ i7-1255U,8 Go,512GO,SSD,Graphique Intégrée,Windows 11 Famille,Non,"2 499,000 DT"
886L6EA,https://batam.com.tn/hp-envyx360-i5-16g-touch-43008051.html,PC Portable HP ENVY x360 2-in-1 15-fe0003nk i5 13è Gén 16Go 512Go SSD - Silver,HP,https://batam.com.tn/media/catalog/product/cache/26742a42496e58e10979d74ecdf1cb51/4/3/43008051.jpg,Batam,"15,6''",1920 x 1080,Intel Core i5,Intel® Core™ i5-1335U,16 Go,512GO,SSD,Graphique Intégrée,Windows 11 Famille,Non,"3 289,000 DT"
AY2T5EA,https://batam.com.tn/hp-envyx36014-u5-16-1t-w11-blu-43008050.html,PC Portable HP ENVY x360 2-in-1 14-fc0004nk Ultra 5 125U 16Go 1To SSD - Bleu,HP,https://batam.com.tn/media/catalog/product/cache/26742a42496e58e10979d74ecdf1cb51/4/3/43008050.jpg,Batam,14'',1920 x 1080,Intel Core Ultra 5,Intel® Core™ Ultra 5 125U,16 Go,1 To SSD,SSD,Graphique Intégrée,Windows 11 Famille,Non,"3 299,000 DT"
UX5401EA-KP114T,https://batam.com.tn/asus-i7-14-16-512g-w10grey-43005023.html,Pc portable ASUS Zenbook 14X  i7 11è Gén 16 Go 512 Go _Gris,ASUS,https://batam.com.tn/media/catalog/product/cache/26742a42496e58e10979d74ecdf1cb51/4/3/43005023_1.jpg,Batam,14'',,Intel Core i7,,16 Go,512GO,SSD,Graphique Intégrée,Windows 10,Non,"3 679,000 DT"
845J9EA,https://batam.com.tn/hp-envyx360-i7-16-512-touch-w-43008052.html,PC Portable HP ENVY x360 2-in-1 15-fe0001nk i7 13è Gén 16Go 512Go SSD - Silver,HP,https://batam.com.tn/media/catalog/product/cache/26742a42496e58e10979d74ecdf1cb51/4/3/43008052.jpg,Batam,"15,6''",1920 x 1080,Intel Core i7,Intel® Core™ i7-1355U,16 Go,512GO,SSD,Graphique Intégrée,Windows 11 Famille,Non,"3 799,000 DT"
MRXN3FN/A,https://batam.com.tn/macbook-air-8-256gb-space-43006902.html,APPLE MacBook Air M3 8Go 256Go SSD - Gris Sidéral,APPLE,https://batam.com.tn/media/catalog/product/cache/26742a42496e58e10979d74ecdf1cb51/4/3/43006902_1_1.jpg,Batam,"13.6""",2560 x 1664,Apple M3,Apple M3,8 Go,256GO,SSD,Graphique Intégrée,MacOS,Non,"4 589,000 DT"
MRXQ3FN/A,https://batam.com.tn/macbook-air-8-256gb-silver-43006903.html,APPLE MacBook Air M3 8Go 256Go SSD - Silver,APPLE,https://batam.com.tn/media/catalog/product/cache/26742a42496e58e10979d74ecdf1cb51/4/3/43006903_1_1.jpg,Batam,"13.6""",2560 x 1664,Apple M3,Apple M3,8 Go,256GO,SSD,Graphique Intégrée,MacOS,Non,"4 589,000 DT"
MRXV3FN/A,https://batam.com.tn/macbook-air-8gb-256-midnight-43006904.html,APPLE MacBook Air M3 8Go 256Go SSD - Minuit,APPLE,https://batam.com.tn/media/catalog/product/cache/26742a42496e58e10979d74ecdf1cb51/4/3/43006904_1_1.jpg,Batam,"13.6""",2560 x 1664,Apple M3,Apple M3,8 Go,256GO,SSD,Graphique Intégrée,MacOS,Non,"4 589,000 DT"
MC8K4FN-A,https://batam.com.tn/macbook-airm3-16g-256g-midnigt-43007333.html,APPLE MacBook Air M3 16Go 256Go SSD - Midnight,APPLE,https://batam.com.tn/media/catalog/product/cache/26742a42496e58e10979d74ecdf1cb51/4/3/43007333.jpg,Batam,"13.6""",2560 x 1664,Apple M3,Apple M3,16 Go,256GO,SSD,,MacOS,Non,"4 769,000 DT"
MC8G4FN-A,https://batam.com.tn/macbook-airm3-16g-256g-grey-43007334.html,APPLE MacBook Air M3 16Go 256Go SSD -Gris sidéral,APPLE,https://batam.com.tn/media/catalog/product/cache/26742a42496e58e10979d74ecdf1cb51/4/3/43007334.jpg,Batam,"13.6""",2560 x 1664,Apple M3,Apple M3,16 Go,256GO,SSD,,MacOS,Non,"4 769,000 DT"
MC8H4FN-A,https://batam.com.tn/macbook-airm3-16g-256g-silver-43007335.html,APPLE MacBook Air M3 16Go 256Go SSD -Silver,APPLE,https://batam.com.tn/media/catalog/product/cache/26742a42496e58e10979d74ecdf1cb51/4/3/43007335.jpg,Batam,"13.6""",2560 x 1664,Apple M3,Apple M3,16 Go,256GO,SSD,,MacOS,Non,"4 769,000 DT"
MC8J4FN-A,https://batam.com.tn/macbook-airm3-16-256-starlit-43007336.html,APPLE MacBook Air M3 16Go 256Go SSD -Starlight,APPLE,https://batam.com.tn/media/catalog/product/cache/26742a42496e58e10979d74ecdf1cb51/4/3/43007336.jpg,Batam,"13.6""",2560 x 1664,Apple M3,Apple M3,16 Go,256GO,SSD,,MacOS,Non,"4 769,000 DT"
MW2U3FN/A,https://batam.com.tn/macbook-pro-m4-16g-512g-black-43007337.html,APPLE MacBook Air M4 16Go 512Go SSD -Noir sidéral,APPLE,https://batam.com.tn/media/catalog/product/cache/26742a42496e58e10979d74ecdf1cb51/4/3/43007337_1.jpg,Batam,14'',3024 x 1964,Apple M4,Apple M4,16 Go,512GO,SSD,,MacOS,Non,"7 099,000 DT"
MRX43FN/A,https://batam.com.tn/macbook-m3-18-1t-space-black-43006908.html,APPLE MacBook Pro M3 Pro 18Go 1To SSD - Noir Sidéral,APPLE,https://batam.com.tn/media/catalog/product/cache/26742a42496e58e10979d74ecdf1cb51/4/3/43006908_1.jpg,Batam,14'',3024 x 1964,Apple M3 Pro,Apple M3 Pro,18 Go,1 To SSD,SSD,Graphique Intégrée,MacOS,Non,"10 499,000 DT"
MRW13FN/A,https://batam.com.tn/macbook-m3-18-512-space-black-43006909.html,APPLE MacBook Pro M3 Pro 18Go 512Go SSD - Noir Sidéral,APPLE,https://batam.com.tn/media/catalog/product/cache/26742a42496e58e10979d74ecdf1cb51/4/3/43006909_1_1.jpg,Batam,16'',3456 x 2234,Apple M3 Pro,Apple M3 Pro,18 Go,512GO,SSD,Graphique Intégrée,MacOS,Non,"10 689,000 DT"
82YU0044FE,https://batam.com.tn/82yu0044fe-v15lenvo-8-256-15-6-43006690.html,PC Portable LENOVO V15 G4 AMN AMD Athlon 8Go 256Go SSD - Noir + Flash Disque 16GB Gratuit,LENOVO,https://batam.com.tn/media/catalog/product/cache/26742a42496e58e10979d74ecdf1cb51/4/3/43006690_1_1.jpg,Batam,"15,6''",1920 x 1080,AMD Athlon,AMD Athlon Silver 7120U,8 Go,256GO,SSD,AMD Radeon,FreeDos,Non,"735,000 DT"
AB1T8EA,https://batam.com.tn/pc-hp-celeron-8gb-256gb-black-43007130.html,PC Portable HP 15-fd0297nk Intel N100 8Go 256G SSD - Noir,HP,https://batam.com.tn/media/catalog/product/cache/26742a42496e58e10979d74ecdf1cb51/4/3/43007130.jpg,Batam,"15,6''",1366 x 768,Intel Celeron,Intel® N100,8 Go,256GO,SSD,Graphique Intégrée,FreeDos,Non,"759,000 DT"
886L5EA,https://batam.com.tn/hp-n100-4gb-15-6-256-w11-gray-43006685.html,PC Portable HP 15-fd0030nk Intel N100 4Go 256Go SSD  Gris + Sacoche Gratuite,HP,https://batam.com.tn/media/catalog/product/cache/26742a42496e58e10979d74ecdf1cb51/4/3/43006685_2.jpg,Batam,"15,6''",1920 x 1080,Intel Celeron,Intel® N100,4 Mo,256GO,SSD,Graphique Intégrée,Windows 11 Famille,Non,"769,000 DT"
82V700EJFG,https://batam.com.tn/lenovo-n4020-8-256ssd-wh-bl-sa-43006614.html,PC Portable LENOVO IdeaPad 1 15IGL7 Intel Celeron N4020 8G 256Go SSD  Windows 11 Famille  Bleu + Sacoche LENOVO T210 Gratuite,LENOVO,https://batam.com.tn/media/catalog/product/cache/26742a42496e58e10979d74ecdf1cb51/4/3/43006614_3.jpg,Batam,"15,6''",1366 x 768,Intel Celeron,Intel Celeron N4020,8 Go,256GO,SSD,Graphique Intégrée,Windows 11 Famille,Non,"799,000 DT"
N4004PVNB3520_UBU,https://batam.com.tn/dellvostro3520-i3-1215u-4-256g-43005853.html,Pc Portable DELL VOSTRO 3520 I3-1215U  4/256G,DELL,https://batam.com.tn/media/catalog/product/cache/26742a42496e58e10979d74ecdf1cb51/4/3/43005853.jpg,Batam,"15,6''",1920 x 1080,Intel Core i3,Intel® Core™ i3-1215U,4 Go,256GO,SSD,Graphique Intégrée,FreeDos,Non,"869,000 DT"
82XQ00DMFG,https://batam.com.tn/lenovory3-7320u-8-256ssdw11-sa-43005844.html,PC Portable LENOVO IdeaPad Slim 3 15AMN8 AMD RYZEN 3 8Go 256Go SSD  Gris + Sacoche Gratuite,LENOVO,https://batam.com.tn/media/catalog/product/cache/26742a42496e58e10979d74ecdf1cb51/4/1/41001593_1_2.jpg,Batam,"15,6''",1920 x 1080,AMD Ryzen 3,AMD Ryzen 3 7320U,8 Go,256GO,SSD,AMD Radeon,Windows 11 Famille,Non,"899,000 DT"
82VG00Q5FG,https://batam.com.tn/pc-lenovo-r3-8-512gb-grey-24m-43007514.html,PC Portable LENOVO IdeaPad 1 15AMN7 AMD RYZEN 3 8Go 512G SSD - Gris + Sacoche,LENOVO,https://batam.com.tn/media/catalog/product/cache/26742a42496e58e10979d74ecdf1cb51/4/3/43007514_.jpg,Batam,"15,6''",1366 x 768,AMD Ryzen,AMD Ryzen™ 3 7320U,8 Go,512GO,SSD,AMD Radeon,FreeDos,Non,"1 009,000 DT"
82RK0175FG,https://batam.com.tn/lenovo-i3-1215u-8-256ssd-sac-43005851.html,PC Portable LENOVO IdeaPad 3 15IAU7 i3 12ème Gén 8Go 256Go SSD - Bleu + Sacoche LENOVO Gratuite,LENOVO,https://batam.com.tn/media/catalog/product/cache/26742a42496e58e10979d74ecdf1cb51/4/3/43005851_2.jpg,Batam,"15,6''",1920 x 1080,Intel Core i3,Intel® Core™ i3-1215U,8 Go,256GO,SSD,Graphique Intégrée,Windows 11 Famille,Non,"1 015,000 DT"
X1504VA-NJ520W,https://batam.com.tn/asus-i3-1315uddr4-4-256g-w11sl-43005857.html,Pc Portable ASUS I3-1315UDDR4 4/256G Windows 11 Silver,ASUS,https://batam.com.tn/media/catalog/product/cache/26742a42496e58e10979d74ecdf1cb51/4/3/43005857.1jpg.jpg,Batam,"15,6''",1920 x 1080,Intel Core i3,Intel Core I3-1315U,4 Go,256GO,SSD,Graphique Intégrée,Windows 11 Famille,Non,"1 049,000 DT"
82QD00C2FG,https://batam.com.tn/lenovoip1-i3-1215u8-256sdgrey-43006126.html,Pc Portable LENOVO IDEAPAD 1 15IAU7 I3-1215U 8Go 256 GO SSD Gris,LENOVO,https://batam.com.tn/media/catalog/product/cache/26742a42496e58e10979d74ecdf1cb51/4/3/43006126_1.jpg,Batam,"15,6''",1920 x 1080,Intel Core i3,Intel® Core™ i3-1215U,8 Go,,SSD,Graphique Intégrée,Windows 11,Non,"1 069,000 DT"
82XQ00HFFG,https://batam.com.tn/82xq00hffg-lenovo-r3-8-512-sa-43006691.html,Pc Portable Lenovo Ideapad Slim 3 Amd Ryzen3  8Go 512Go SSD Gris – 82XQ00HFFG + Souris Et Sacoche Gratuite,LENOVO,https://batam.com.tn/media/catalog/product/cache/26742a42496e58e10979d74ecdf1cb51/4/3/43006691_4.jpg,Batam,"15,6''",1920 x 1080,AMD Ryzen 3,AMD Ryzen™ 3 7320U,8 Go,512GO,SSD,AMD Radeon,Windows 11 Famille,Non,"1 090,000 DT"
X1504VA-NJ519W,https://batam.com.tn/asus-i3-1315uddr4-4-256gw11blu-43005858.html,Pc Portable ASUS I3-1315UDDR4 4/256G Windows 11 Blue + Sacoche Gratuite,ASUS,https://batam.com.tn/media/catalog/product/cache/26742a42496e58e10979d74ecdf1cb51/4/3/43005858_2.jpg,Batam,"15,6''",1920 x 1080,Intel Core i3,Intel Core I3-1315U,4 Go,256GO,SSD,Graphique Intégrée,Windows 11 Famille,Non,"1 099,000 DT"
A2MM1EA,https://batam.com.tn/pc-hp-i3-n305-8g-512gb-blue-43006997.html,Pc Portable HP 15-fd0052nk I3-N305 8Go 512Go SSD - Silver & Bleu,HP,https://batam.com.tn/media/catalog/product/cache/26742a42496e58e10979d74ecdf1cb51/4/3/43006997_1.jpg,Batam,"15,6''",1920 x 1080,Intel Core i3,Intel® Core™ i3-N305,8 Go,512GO,SSD,Graphique Intégrée,FreeDos,Non,"1 149,000 DT"
82X700AYFG,https://batam.com.tn/82x700ayfg-lenovoi3-8g-512-sa-43006692.html,PC Portable LENOVO IdeaPad Slim 3 15IRU8 i3 13è Gén 8Go 512Go SSD Gris( 82X700AYFG) +Sacoche 24M Gratuite,LENOVO,https://batam.com.tn/media/catalog/product/cache/26742a42496e58e10979d74ecdf1cb51/4/3/43006692_2.jpg,Batam,"15,6''",1920 x 1080,Intel Core i3,Intel® Core™ i3-1305U,8 Go,512GO,SSD,Graphique Intégrée,FreeDos,Non,"1 199,000 DT"
A2AP1EA,https://batam.com.tn/pc-hp-i3-8g-512-a2ap1ea-noir-43006558.html,Pc Portable HP 15-fd0055nk I3-N305 8Go 512Go SSD Noir + Sacoche Gratuite,HP,https://batam.com.tn/media/catalog/product/cache/26742a42496e58e10979d74ecdf1cb51/4/3/43006558_1_1.jpg,Batam,"15,6''",1920 x 1080,Intel Core i3,Intel® Core™ i3-N305,8 Go,512GO,SSD,Graphique Intégrée,FreeDos,Non,"1 199,000 DT"
82XQ00M7FG,https://batam.com.tn/pc-lenovo-r5-16-512gb-grey-24m-43007515.html,PC Portable LENOVO IdeaPad Slim 3 15AMN8 AMD RYZEN 5 16Go 512Go SSD - Gris + Sacoche,LENOVO,https://batam.com.tn/media/catalog/product/cache/26742a42496e58e10979d74ecdf1cb51/4/3/43007515-.jpg,Batam,"15,6''",1920 x 1080,AMD Ryzen 5,AMD Ryzen™ 5 7520U,16 Go,512GO,SSD,AMD Radeon,FreeDos,Non,"1 399,000 DT"
82RK016TFG,https://batam.com.tn/lenovoi5-1235u-8-512ssd-grey-43005852.html,Pc Portable LENOVO I5-1235U 8/512 SSD Gris,LENOVO,https://batam.com.tn/media/catalog/product/cache/26742a42496e58e10979d74ecdf1cb51/4/3/43005852.jpg,Batam,"15,6''",1366 x 768,Intel Core i5,Intel® Core™ i5-1235U,8 Go,,SSD,Graphique Intégrée,Windows 11,Non,"1 469,000 DT"
82QD00E4FG,https://batam.com.tn/pc-lenovo-i5-8g-512-82qd00e4fg-43007300.html,PC Portable LENOVO IdeaPad 1 15IAU7 i5 12ème Gén 8Go 512Go SSD - Gris,LENOVO,https://batam.com.tn/media/catalog/product/cache/26742a42496e58e10979d74ecdf1cb51/4/3/43007300.jpg,Batam,"15,6''",1920 x 1080,Intel Core i5,Intel® Core™ i5-1235U,8 Go,512GO,SSD,Graphique Intégrée,FreeDos,Non,"1 499,000 DT"
B12MO-1019XFR,https://batam.com.tn/msi-i3-1215u-16g-512ssd-iris-43006950.html,Pc Portable MSI Modern 15 B12MO i3 12è Gén 16Go 512Go SSD - Noir,MSI,https://batam.com.tn/media/catalog/product/cache/26742a42496e58e10979d74ecdf1cb51/4/3/43006950.jpg,Batam,"15,6''",1920 x 1080,Intel Core i3,Intel® Core™ i3-1215U,16 Go,512GO,SSD,Graphique Intégrée,FreeDos,Non,"1 499,000 DT"
X1502VA-NJ231,https://batam.com.tn/asus-i5-8-512-win11-silver-43007326.html,PC Portable ASUS Vivobook 15 X1502VA i5 13è Gén 8Go 512Go SSD - Silver,ASUS,https://batam.com.tn/media/catalog/product/cache/26742a42496e58e10979d74ecdf1cb51/4/3/43007326_1.jpg,Batam,"15,6''",,Intel Core i5,Intel® Core™ i5-13500H,8 Go,512GO,SSD,Graphique Intégrée,Windows 11 Famille,Non,"1 649,000 DT"
X1502VA-NJ147W,https://batam.com.tn/asus-i5-8-512-win-11quiet-blue-43007325.html,"Pc Portable Asus Vivobook 15 X1502VA, I5-13 Gén  8G 512Go Bleu",ASUS,https://batam.com.tn/media/catalog/product/cache/26742a42496e58e10979d74ecdf1cb51/4/3/43007325.1.jpg,Batam,"15,6''",,Intel Core i5,,8 Go,512GO,SSD,,Windows 11,Non,"1 659,000 DT"
X1605VA-MB475W,https://batam.com.tn/asus-i5-13500h16ddr4-8-512gw11-43005863.html,PC Portable ASUS Vivobook 16 X1605VA i5 13è Gén 8Go 512Go SSD - Silver,ASUS,https://batam.com.tn/media/catalog/product/cache/26742a42496e58e10979d74ecdf1cb51/4/3/43005863_1.jpg,Batam,"15,6''",1920 x 1200,Intel Core i5,Intel® Core™ i5-13500H,8 Go,,SSD,Graphique Intégrée,Windows 11,Non,"1 659,000 DT"
9D6W0EA,https://batam.com.tn/pc-hp-i5-8gb-512gb-w11-silver-43006999.html,PC Portable HP 15-fd0042nk i5 13è Gén 8Go 512Go SSD - Silver,HP,https://batam.com.tn/media/catalog/product/cache/26742a42496e58e10979d74ecdf1cb51/4/3/43006999_2.jpg,Batam,"15,6''",1920 x 1080,Intel Core i5,Intel® Core™ i5-1334U,8 Go,512GO,SSD,Graphique Intégrée,Windows 11 Famille,Non,"1 689,000 DT"
9D6W1EA,https://batam.com.tn/pc-hp-i5-8gb-512gb-w11-gold-43007000.html,PC Portable HP 15-fd0048nk i5 13è Gén 8Go 512Go SSD - Silver & Or Chaud,HP,https://batam.com.tn/media/catalog/product/cache/26742a42496e58e10979d74ecdf1cb51/4/3/43007000.jpg,Batam,"15,6''",1920 x 1080,Intel Core i5,Intel® Core™ i5-1334U,8 Go,512GO,SSD,Graphique Intégrée,Windows 11 Famille,Non,"1 689,000 DT"
A2AP6EA,https://batam.com.tn/pc-hp-i5-8g-512-a2ap6ea-gold-43006562.html,Pc Portable HP 15-FD0093NK I5 13È Gén 8GO 512GO SSD Silver & Or Chaud + Sacoche Gratuite,HP,https://batam.com.tn/media/catalog/product/cache/26742a42496e58e10979d74ecdf1cb51/4/3/43006562_1.jpg,Batam,"15,6''",1920 x 1080,Intel Core i5,Intel® Core™ i5-1334U,8 Go,512GO,SSD,Graphique Intégrée,FreeDos,Non,"1 719,000 DT"
A2AP5EA,https://batam.com.tn/pc-hp-i5-8g-512-a2ap7ea-silver-43006563.html,Pc Portable HP 15-FD0094NK I5 13È Gén 8GO 512GO SSD Silver & Bleu+ Sacoche Gratuite,HP,https://batam.com.tn/media/catalog/product/cache/26742a42496e58e10979d74ecdf1cb51/4/3/43006563_2.jpg,Batam,"15,6''",1920 x 1080,Intel Core i5,Intel® Core™ i5-1334U,8 Go,512GO,SSD,Graphique Intégrée,FreeDos,Non,"1 745,000 DT"
A2AP5EA,https://batam.com.tn/pc-hp-i5-8g-512-a2ap5ea-bleu-43006561.html,Pc Portable HP 15-fd0094nk i5 13è Gén 8Go 512Go SSD  Silver & Bleu + Sacoche Gratuite,HP,https://batam.com.tn/media/catalog/product/cache/26742a42496e58e10979d74ecdf1cb51/4/3/43006561_2.jpg,Batam,"15,6''",1920 x 1080,Intel Core i5,Intel® Core™ i5-1334U,8 Go,512GO,SSD,Graphique Intégrée,FreeDos,Non,"1 745,000 DT"
A2AP8EA,https://batam.com.tn/pc-hp-i3-8g-512-a2an9ea-gold-43006560.html,Pc Portable HP 15-FD0097NK I5 13È Gén 8GO 512GO SSD Noir + Sacoche Gratuite,HP,https://batam.com.tn/media/catalog/product/cache/26742a42496e58e10979d74ecdf1cb51/4/3/43006560_1_1.jpg,Batam,"15,6''",1920 x 1080,Intel Core i5,Intel® Core™ i5-1334U,8 Go,512GO,SSD,Graphique Intégrée,FreeDos,Non,"1 745,000 DT"
X1502VA-NJ278W,https://batam.com.tn/asus-i5-16g-512-win11-silver-43007319.html,Pc Portable Asus Vivobook 15 X1502va I5 13è Gén 16G 512Go Ssd Silver,ASUS,https://batam.com.tn/media/catalog/product/cache/26742a42496e58e10979d74ecdf1cb51/4/3/43007319_1.jpg,Batam,"15,6''",,Intel Core i5,,16 Go,512GO,SSD,,Windows 11,Non,"1 779,000 DT"
B13M-1018XFR,https://batam.com.tn/msi-i5-1335u-16g-512ssd-fd-43006951.html,Pc Portable MSI Modern 15 B13M i5 13è Gén 16Go 512Go SSD - Noir,MSI,https://batam.com.tn/media/catalog/product/cache/26742a42496e58e10979d74ecdf1cb51/4/3/43006951.1.jpg,Batam,"15,6''",1920 x 1080,Intel Core i5,Intel® Core™ i5-1335U,16 Go,512GO,SSD,Graphique Intégrée,FreeDos,Non,"1 799,000 DT"
82RK011WFG,https://batam.com.tn/lenovoip3-i7-1255u-8-512ssd-sa-43005843.html,PC Portable LENOVO IdeaPad 3 15IAU7 i7 12ème Gén 8 Go 512Go SSD - Gris + Sacoche Gratuite,LENOVO,https://batam.com.tn/media/catalog/product/cache/26742a42496e58e10979d74ecdf1cb51/4/3/43005843_1.jpg,Batam,"15,6''",1920 x 1080,Intel Core i7,Intel® Core™ i7-1255U,8 Go,512GO,SSD,Graphique Intégrée,FreeDos,Non,"1 929,000 DT"
X1504VA-NJ686W,https://batam.com.tn/asus-u5-8-512-win-11-silver-43007320.html,Pc Portable Asus X1504VA-NJ686W U5 8G 512Go Ssd Silver,ASUS,https://batam.com.tn/media/catalog/product/cache/26742a42496e58e10979d74ecdf1cb51/4/3/43007320.jpg,Batam,"15,6''",,U5,,8 Go,512GO,SSD,,Windows 11,Non,"2 099,000 DT"
83EM008XFG,https://batam.com.tn/pc-lenovoi7-16g-512-83em008xfg-43007301.html,PC Portable LENOVO IdeaPad Slim 3 15IRH8 i7 13è Gén 16Go 512Go SSD Gris,LENOVO,https://batam.com.tn/media/catalog/product/cache/26742a42496e58e10979d74ecdf1cb51/4/3/43007301_1.jpg,Batam,"15,6''",,Intel Core i7,,16 Go,512GO,SSD,,FreeDos,Non,"2 169,000 DT"
X1605VA-MB472W,https://batam.com.tn/asus-i7-13700h16ddr4-8-512gw11-43005864.html,PC Portable ASUS Vivobook 16 X1605VA i7 13è Gén 8Go 512Go SSD - Silver,ASUS,https://batam.com.tn/media/catalog/product/cache/26742a42496e58e10979d74ecdf1cb51/4/3/43005864_1.jpg,Batam,16'',1920 x 1200,Intel Core i7,Intel® Core™ i7-13700H,8 Go,512GO,SSD,Graphique Intégrée,Windows 11,Non,"2 245,000 DT"
UM425QA-KI165W-2Y,https://batam.com.tn/asus-ux425-r7-8-512g-w11grey-43006619.html,Pc Portable ASUS Zenbook 14 AMD RYZEN 7 8Go 512Go SSD - Gris,ASUS,https://batam.com.tn/media/catalog/product/cache/26742a42496e58e10979d74ecdf1cb51/4/3/43006619_1_1.jpg,Batam,14'',1920 x 1080,AMD Ryzen 7,AMD Ryzen 7-5800H,8 Go,512GO,SSD,AMD Radeon,Windows 11 Famille,Non,"2 269,000 DT"
85D05EA,https://batam.com.tn/hp-probook-450g10-i5-8g-256-sa-43006123.html,Pc Portable HP ProBook 450 G10 i5 13è Gén 8Go 256Go SSD - Silver + Sacoche Gratuit,HP,https://batam.com.tn/media/catalog/product/cache/26742a42496e58e10979d74ecdf1cb51/4/3/43006123.jpg,Batam,"15,6''",1920 x 1080,Intel Core i5,Intel® Core™ i5-1335U,8 Go,256GO,SSD,Graphique Intégrée,FreeDos,Non,"2 359,000 DT"
A2AP9EA,https://batam.com.tn/pc-hp-i7-16g-1t-a2ap9ea-silver-43006565.html,Pc Portable HP 15-FD0127NK I7 13È Gén 16GO 1TO SSD Silver + Sacoche Gratuite,HP,https://batam.com.tn/media/catalog/product/cache/26742a42496e58e10979d74ecdf1cb51/4/3/43006565_2.jpg,Batam,"15,6''",1920 x 1080,Intel Core i7,Intel® Core™ i7-1355U,16 Go,,,Graphique Intégrée,FreeDos,Non,"2 429,000 DT"
MGN63FN-A,https://batam.com.tn/macbook-air-8-256gb-grey-43006899.html,APPLE MacBook Air M1 8Go 256Go SSD - Gris,APPLE,https://batam.com.tn/media/catalog/product/cache/26742a42496e58e10979d74ecdf1cb51/4/3/43006899_1_1.jpg,Batam,"13.3""",2560 x 1600,Apple M1,Apple M1,8 Go,256GO,SSD,Graphique Intégrée,MacOS,Non,"3 339,000 DT"
MQKR3FN/A,https://batam.com.tn/macbook-air-8-256gb-silver-43006900.html,APPLE MacBook Air M2 (2023) 8Go 256Go SSD - Silver,APPLE,https://batam.com.tn/media/catalog/product/cache/26742a42496e58e10979d74ecdf1cb51/4/3/43006900_2.jpg,Batam,"15.3""",2880 x 1864,Apple M2,Apple M2,8 Go,256GO,SSD,Graphique Intégrée,MacOS,Non,"5 619,000 DT"
MQKU3FN/A,https://batam.com.tn/macbook-8-256gb-starlight-43006901.html,APPLE MacBook Air M2 (2023) 8Go 256Go SSD - Lumière stellaire,APPLE,https://batam.com.tn/media/catalog/product/cache/26742a42496e58e10979d74ecdf1cb51/4/3/43006901_1_1.jpg,Batam,"15.3""",2880 x 1864,Apple M2,Apple M2,8 Go,256GO,SSD,Graphique Intégrée,MacOS,Non,"5 629,000 DT"
MXCR3FN/A,https://batam.com.tn/macbook-m3-6gb-512-space-gray-43006905.html,Apple MACBOOK Air M3  16 Go  512 Go _ Gris sidéral,APPLE,https://batam.com.tn/media/catalog/product/cache/26742a42496e58e10979d74ecdf1cb51/4/3/43006905_2.jpg,Batam,"13.6""",2560 x 1664,Apple M3,Apple M3,16 Go,512GO,SSD,Graphique Intégrée,MacOS,Non,"6 599,000 DT"
MRX33FN/A,https://batam.com.tn/macbook-m3-18-512g-space-black-43006906.html,APPLE MacBook Pro M3 Pro 18Go 512Go SSD - Noir Sidéral,APPLE,https://batam.com.tn/media/catalog/product/cache/26742a42496e58e10979d74ecdf1cb51/4/3/43006906_3_1.jpg,Batam,14'',3024 x 1964,Apple M3 Pro,Apple M3 Pro,18 Go,512GO,SSD,Graphique Intégrée,MacOS,Non,"8 779,000 DT"
MRX63FN/A,https://batam.com.tn/macbook-m3-18-512g-silver-43006907.html,APPLE MacBook Pro M3 Pro 18Go 512Go SSD - Silver,APPLE,https://batam.com.tn/media/catalog/product/cache/26742a42496e58e10979d74ecdf1cb51/4/3/43006907_1_1.jpg,Batam,14'',3024 x 1964,Apple M3 Pro,Apple M3 Pro,18 Go,512GO,SSD,Graphique Intégrée,MacOS,Non,"8 779,000 DT"
