Référence,lien,nom,Marque,image_url,boutique,Taille Ecran,Résolution,Processeur,Référence processeur,Mémoire RAM,Disque Dur,Type de disque dur,Carte Graphique,Système D’exploitation,Pc Gamer,prix
82QY00PEFE,https://www.graiet.tn/pc-portable-lenovo-v15-cel-n4500-8go-256ssd-fd.html,Pc Portable LENOVO V15 | Intel Celeron N4500 - 8GO - 256SSD - Noir,,https://www.graiet.tn/media/catalog/product/cache/595488aa9cf14b0e44a19e9859f2c227/p/c/pc-portable-lenovo-v15-cel-n4500-8go-256ssd-fd.webp,graiet,15.6 “,Full HD 1080p,Hélio G99,,8 G,256 Go SSD,,Intel HD Graphics,Android 14,Non,"729,00 TND"
82VG00Q2FG-2Y,https://www.graiet.tn/lenovo-pc-portable-ideapad-amd-athlon-7120u-8go-256ssd-fd-silver.html,Pc Portable LENOVO  IDEAPAD 1 | AMD ATHLON - 7120U - 8GO - 256SSD - FD -  Silver,,https://www.graiet.tn/media/catalog/product/cache/595488aa9cf14b0e44a19e9859f2c227/p/c/pc-portable-lenovo-ideapad-amd-athlon-7120u-8go-256ssd-fd-silver_1.webp,graiet,15.6 “,Full HD 1080p,Hélio G99,,8 G,256 Go SSD,,AMD Radeon ™ Intégrée,FreeDos,Non,"729,00 TND"
AB1T8EA,https://www.graiet.tn/hp-pc-portable-15-ab1t8ea-celeron-n100-8go-256ssd-uhd-fd-noir.html,Pc Portable HP 15 | Intel Celeron N100 - 8 Go - 256 SSD - Noir,,https://www.graiet.tn/media/catalog/product/cache/595488aa9cf14b0e44a19e9859f2c227/h/p/hp-pc-portable-15-ab1t8ea-celeron-n100-8go-256ssd-uhd-fd-noir.webp,graiet,15.6 “,(1600 x 720 ) Pixels,Celeron N100,,8 G,256 Go SSD,,Intel UHD Graphics,FreeDos,Non,"759,00 TND"
886L5EA,https://www.graiet.tn/pc-portable-hp-15-fd0030nk-intel-n100-4go-256ssd-windows-11-gris-charbon.html,Pc Portable HP 15 | Intel N100 - 4 GO - 256 SSD - Gris Charbon,,https://www.graiet.tn/media/catalog/product/cache/595488aa9cf14b0e44a19e9859f2c227/p/c/pc-portable-hp-15-fd0030nk-intel-n100-4go-256ssd-windows-11-gris-charbon_1.webp,graiet,15.6 “,Full HD 1080p,Celeron N100,,4 G,256 Go SSD,,Intel UHD Graphics,Windows 11,Non,"779,00 TND"
V3520-I3-512SSD,https://www.graiet.tn/dell-pc-portable-vostro-3520-i3-12e-gen-8go-512ssd-120hz-noir.html,PC Portable Dell Vostro 3520 | Intel i3 12e Génération - 8Go RAM - SSD 512Go - Noir,,https://www.graiet.tn/media/catalog/product/cache/595488aa9cf14b0e44a19e9859f2c227/p/c/pc_portable_dell_vostro_3520_noir_-_ecran_15_6_pouces_full_hd_120hz_-_i3_12e_generation_avec_ssd_512go.webp,graiet,15.6 “,(1600 x 720 ) Pixels,Intel Core i3-12è Gén,,8 G,512 Go SSD,,Intel UHD Graphics,Ubuntu,Non,"1 019,00 TND"
BU-V3520-I3-512SSD-W11,https://www.graiet.tn/pc-portable-dell-vostro-3520-i3-12e-gen-8go-512ssd-120hz-win11.html,Pc Portable DELL  VOSTRO 3520 | Intel i3 - 8 Go - 512 SSD - Noir,,https://www.graiet.tn/media/catalog/product/cache/595488aa9cf14b0e44a19e9859f2c227/p/c/pc-portable-dell-vostro-3520-i3-12e-gen-16go-512ssd-120hz-noir_2__1_.jpg,graiet,15.6 “,Full HD 1080p,Intel Core i3 13è Gén,,8 G,512 Go SSD,,Intel UHD Graphics,Windows 11,Non,"1 039,00 TND"
9D6V6EA,https://www.graiet.tn/pc-portable-hp15-9d6v6ea-i3-13e-gen-8go-256ssd-win-11-monlight-blue.html,Pc Portable HP15 | Intel i3 - 8 Go - 256 SSD - Bleu,,https://www.graiet.tn/media/catalog/product/cache/595488aa9cf14b0e44a19e9859f2c227/p/c/pc-portable-hp15-9d6v6ea-i3-13e-gen-8go-256ssd-win-11-monlight-blue.webp,graiet,15.6 “,Full HD 1080p,Intel Core i3 13è Gén,,8 G,256 Go SSD,,Intel UHD Graphics,Windows 11,Non,"1 039,00 TND"
V3520-I3-512SSD-16G,https://www.graiet.tn/dell-pc-portable-vostro-3520-i3-12e-gen-16go-512ssd-120hz-noir.html,Pc Portable DELL VOSTRO 3520 | Intel i3 - 16Go - 512SSD - Noir,,https://www.graiet.tn/media/catalog/product/cache/595488aa9cf14b0e44a19e9859f2c227/p/c/pc-portable-dell-vostro-3520-i3-12e-gen-16go-512ssd-120hz-noir_2_.jpg,graiet,15.6 “,(1600 x 720 ) Pixels,Intel Core i3-12è Gén,,16 G,512 Go SSD,,Intel UHD Graphics,Ubuntu,Non,"1 079,00 TND"
X1504VA-NJ739,https://www.graiet.tn/pc-portable-asus-x1504va-intel-core-i3-13e-gen-8-go-ram-512-go-ssd.html,PC Portable ASUS  X1504VA – Intel Core i3 13e Gén / 8 Go RAM / 512 Go SSD,,https://www.graiet.tn/media/catalog/product/cache/595488aa9cf14b0e44a19e9859f2c227/p/c/pc-portable-asus-x1504va-intel-core-i3-13e-gen-8-go-ram-512-go-ssd.webp,graiet,15.6 “,Full HD 1080p,Intel Core i3 13è Gén,,8 G,512 Go SSD,,Intel UHD Graphics,FreeDos,Non,"1 099,00 TND"
BU-V3520-I3-512SSD-16G-W11,https://www.graiet.tn/pc-portable-dell-vostro-3520-i3-12e-gen-16go-512ssd-120hz-win11.html,"PC Portable DELL Vostro 3520  i3, 16Go, Windows 11 Noir",,https://www.graiet.tn/media/catalog/product/cache/595488aa9cf14b0e44a19e9859f2c227/p/c/pc-portable-dell-vostro-3520-intel-core-i3-16go-512ssd-windows-11_3_.webp,graiet,15.6 “,Full HD 1080p,Intel Core i3-12è Gén,,16 G,512 Go SSD,,Intel UHD Graphics,Windows 11,Non,"1 099,00 TND"
X1504VA-NJ725,https://www.graiet.tn/pc-portable-asus-x1504va-intel-core-i3-13e-gen-8-go-ram-silver.html,PC Portable ASUS  X1504VA – Intel Core i3 13e Gén / 8 Go RAM / Silver,,https://www.graiet.tn/media/catalog/product/cache/595488aa9cf14b0e44a19e9859f2c227/p/c/pc-portable-asus-vivobook-x1504va-i3-13e-gen-8-go-ram-silver_6_.webp,graiet,15.6 “,Full HD 1080p,Intel Core i3 13è Gén,,8 G,512 Go SSD,,Intel UHD Graphics,FreeDos,Non,"1 099,00 TND"
BU-X1504VA-NJ739-W11P,https://www.graiet.tn/pc-portable-asus-x1504va-intel-core-i3-13e-gen-8-go-ram-windows-11.html,PC Portable ASUS X1504VA – Intel Core i3 13e Gén / 8 Go RAM / Windows 11,,https://www.graiet.tn/media/catalog/product/cache/595488aa9cf14b0e44a19e9859f2c227/p/c/pc-portable-asus-x1504va-intel-core-i3-13e-gen-8-go-ram-windows-11.webp,graiet,15.6 “,Full HD 1080p,Intel Core i3 13è Gén,,8 G,512 Go SSD,,Intel UHD Graphics,Windows 11,Non,"1 119,00 TND"
X1504VA-NJ725,https://www.graiet.tn/pc-portable-asus-x1504va-i3-13e-gen-8-go-ram-windows-11-silver.html,PC Portable ASUS  X1504VA – i3 13e Gén / 8 Go RAM / Windows 11,,https://www.graiet.tn/media/catalog/product/cache/595488aa9cf14b0e44a19e9859f2c227/p/c/pc-portable-asus-x1504va-i3-13e-gen-8-go-ram-windows-11-silver_6_.webp,graiet,15.6 “,Full HD 1080p,Intel Core i3 13è Gén,,8 G,512 Go SSD,,Intel UHD Graphics,Windows 11,Non,"1 119,00 TND"
B2502CBA-KJ1662,https://www.graiet.tn/asus-pc-portable-expertbook-b2-b2502cba-i3-12e-gen-8go-512ssd-intel-uhd-bleu.html,Pc Portable ASUS EXPERTBOOK | Intel i3 - 8 Go - 512 SSD - Bleu,,https://www.graiet.tn/media/catalog/product/cache/595488aa9cf14b0e44a19e9859f2c227/p/c/pc-portable-asus-expertbook-b2-b2502cba-i3-12e-gen-8go-512ssd-intel-uhd-bleu_2_.webp,graiet,15.6 “,Full HD 1080p,Intel Core i3-12è Gén,,8 G,512 Go SSD,,NVIDIA GeForce GTX 1660,Android 14,Non,"1 129,00 TND"
X1504VA-NJ518W,https://www.graiet.tn/asus-pc-portable-vivobook-15-i3-13e-gen-8go-512ssd-win11-bleu.html,Pc Portable ASUS  VIVOBOOK 15 | Intel i3 - 8 Go - 512 SSD - Bleu,,https://www.graiet.tn/media/catalog/product/cache/595488aa9cf14b0e44a19e9859f2c227/a/s/asus-pc-portable-vivobook-15-i3-13e-gen-8go-512ssd-win11-bleu.webp,graiet,15.6 “,Full HD 1080p,Intel Core i3 13è Gén,,8 G,512 Go SSD,,Intel UHD Graphics,Windows 11,Non,"1 139,00 TND"
X1504VA-NJ814W,https://www.graiet.tn/asus-pc-portable-i3-13e-gen-8go-512ssd-win-11-silver.html,Pc Portable ASUS VIVOBOOK 15 | Intel i3 - 8 Go - 512 SSD - Silver,,https://www.graiet.tn/media/catalog/product/cache/595488aa9cf14b0e44a19e9859f2c227/p/c/pc-portable-asus-i3-13e-gen-8go-memoire-vive-disque-512-ssd-win-11-silver-clavier-chiclet-pave-num_rique_2_.webp,graiet,15.6 “,Full HD 1080p,Intel Core i3 13è Gén,,8 G,512 Go SSD,,Intel UHD Graphics,Windows 11,Non,"1 139,00 TND"
A2AP0EA,https://www.graiet.tn/hp-pc-portable-15-a2ap0ea-i3-n305-8go-512ssd-fd-naturel-silver.html,Pc Portable HP 15 | Intel i3 - 8 G - 512 SSD - Silver,,https://www.graiet.tn/media/catalog/product/cache/595488aa9cf14b0e44a19e9859f2c227/p/c/pc-portable-hp-15-a2ap0ea-i3-n305-8go-512ssd-fd-naturel-silver_5_.webp,graiet,15.6 “,Full HD 1080p,Intel Core i3-N305,,8 G,512 Go SSD,,Intel UHD Graphics,FreeDos,Non,"1 149,00 TND"
B2502CBA-KJ1662-WP,https://www.graiet.tn/pc-portable-asus-expertbook-b2-b2502cba-i3-12e-gen-8go-512ssd-intel-uhd-win11.html,Pc Portable ASUS EXPERTBOOK | Intel i3 - 8 G - 512 SSD - Noir,,https://www.graiet.tn/media/catalog/product/cache/595488aa9cf14b0e44a19e9859f2c227/p/c/pc-portable-asus-expertbook-b2-b2502cba-i3-12e-gen-8go-512ssd-intel-uhd-bleu_2__2_.webp,graiet,15.6 “,Full HD 1080p,Intel Core i3-12è Gén,,8 G,512 Go SSD,,Intel UHD Graphics,Windows 11,Non,"1 149,00 TND"
X1504VA-NJ725-16G,https://www.graiet.tn/pc-portable-asus-x1504va-intel-core-i3-13e-gen-16-go-ram-silver.html,PC Portable ASUS  X1504VA – Intel Core i3 13e Gén / 16 Go RAM / Silver,,https://www.graiet.tn/media/catalog/product/cache/595488aa9cf14b0e44a19e9859f2c227/p/c/pc-portable-asus-x1504va-intel-core-i3-13e-gen-16-go-ram-silver_6_.webp,graiet,15.6 “,Full HD 1080p,Intel Core i3 13è Gén,,16 G,512 Go SSD,,Intel UHD Graphics,FreeDos,Non,"1 159,00 TND"
BU-X1504VA-NJ739-16G-W11P,https://www.graiet.tn/pc-portable-asus-x1504va-intel-core-i3-13e-gen-16-go-ram-windows-11.html,PC Portable ASUS X1504VA – Intel Core i3 13e Gén / 16 Go RAM / Windows 11,,https://www.graiet.tn/media/catalog/product/cache/595488aa9cf14b0e44a19e9859f2c227/p/c/pc-portable-asus-x1504va-intel-core-i3-13e-gen-16-go-ram-windows-11_2_.webp,graiet,"19,5""",(960 x 480) Pixels,Hélio G99,,,64 Go eMMC,,NVIDIA GeForce GTX 1660,Android 14,Non,"1 179,00 TND"
BU-X1504VA-NJ725-16G-W11P,https://www.graiet.tn/pc-portable-asus-x1504va-i3-13e-gen-16-go-ram-windows-11-silver.html,PC Portable ASUS  X1504VA – i3 13e Gén / 16 Go RAM / Silver,,https://www.graiet.tn/media/catalog/product/cache/595488aa9cf14b0e44a19e9859f2c227/p/c/pc-portable-asus-x1504va-intel-core-i3-13e-gen-16-go-ram-windows-11-silver_6_.webp,graiet,15.6 “,Full HD 1080p,Intel Core i3 13è Gén,,16 G,512 Go SSD,,Intel UHD Graphics,Windows 11,Non,"1 179,00 TND"
BU-X1504VA-NJ739-24G-S,https://www.graiet.tn/pc-portable-asus-x1504va-intel-core-i3-13e-gen-24-go-ram-512-go-ssd.html,PC Portable ASUS  X1504VA – Intel Core i3 13e Gén / 24 Go RAM / 512 Go SSD,,https://www.graiet.tn/media/catalog/product/cache/595488aa9cf14b0e44a19e9859f2c227/p/c/pc-portable-asus-x1504va-intel-core-i3-13e-gen-24-go-ram-512-go-ssd_2_.webp,graiet,15.6 “,Full HD 1080p,Intel Core i3 13è Gén,,24Go,512 Go SSD,,Intel UHD Graphics,FreeDos,Non,"1 189,00 TND"
BU-X1504VA-NJ725-24G-S,https://www.graiet.tn/pc-portable-asus-x1504va-intel-core-i3-13e-gen-24-go-ram-silver.html,PC Portable ASUS  X1504VA – Intel Core i3 13e Gén / 24 Go RAM / Silver,,https://www.graiet.tn/media/catalog/product/cache/595488aa9cf14b0e44a19e9859f2c227/p/c/pc-portable-asus-x1504va-intel-core-i3-13e-gen-24-go-ram-silver_4_.webp,graiet,15.6 “,Full HD 1080p,Intel Core i3 13è Gén,,24Go,512 Go SSD,,Intel UHD Graphics,FreeDos,Non,"1 189,00 TND"
X1504VA-NJ518W-16G,https://www.graiet.tn/pc-portable-asus-vivobook-15-i3-13e-gen-16go-512ssd-win11-bleu.html,Pc Portable ASUS VIVOBOOK 15 Intel i3 | 16 Go - 512 SSD - Bleu,,https://www.graiet.tn/media/catalog/product/cache/595488aa9cf14b0e44a19e9859f2c227/a/s/asus-pc-portable-vivobook-15-i3-13e-gen-8go-512ssd-win11-bleu_1__1.webp,graiet,15.6 “,Full HD 1080p,Intel Core i3 13è Gén,,16 G,512 Go SSD,,Intel UHD Graphics,Windows 11,Non,"1 199,00 TND"
X1504VA-NJ814W-16G,https://www.graiet.tn/pc-portable-asus-vivobook-15-i3-13e-gen-16go-512ssd-win-11-silver.html,Pc Portable ASUS VIVOBOOK 15 Intel i3 | 16 Go - 512 SSD - Silver,,https://www.graiet.tn/media/catalog/product/cache/595488aa9cf14b0e44a19e9859f2c227/p/c/pc-portable-asus-i3-13e-gen-8go-memoire-vive-disque-512-ssd-win-11-silver-clavier-chiclet-pave-num_rique_2__1.webp,graiet,15.6 “,Full HD 1080p,Intel Core i3 13è Gén,,16 G,512 Go SSD,,Intel UHD Graphics,Windows 11,Non,"1 199,00 TND"
BU-A2AP0EA-16G,https://www.graiet.tn/pc-portable-hp-15-a2ap0ea-i3-n305-16go-512ssd-fd-naturel-silver.html,Pc Portable HP 15 Intel i3 | 16 Go - 512 SSD - Silver,,https://www.graiet.tn/media/catalog/product/cache/595488aa9cf14b0e44a19e9859f2c227/p/c/pc-portable-hp-15-a2ap0ea-i3-n305-16go-512ssd-fd-naturel-silver.webp,graiet,"19,5""",(960 x 480) Pixels,Hélio G99,,,64 Go eMMC,,NVIDIA GeForce GTX 1660,Android 14,Non,"1 205,00 TND"
A2AN9EA-16G,https://www.graiet.tn/pc-portable-hp-15-a2an9ea-i3-n305-16go-512ssd-uhd-fd-gold.html,Pc Portable HP 15 Intel i3 | 16 Go - 512 SSD - Gold,,https://www.graiet.tn/media/catalog/product/cache/595488aa9cf14b0e44a19e9859f2c227/p/c/pc-portable-hp-15-i3-n305-16g-512ssd-intel-uhd-fd-gold_3_.webp,graiet,15.6 “,Full HD 1080p,Intel Core i3-N305,,16 G,512 Go SSD,,Intel UHD Graphics,Android 14,Non,"1 205,00 TND"
BU-X1504VA-NJ739-24G-W11P,https://www.graiet.tn/pc-portable-asus-x1504va-intel-core-i3-13e-gen-24-go-ram-windows-11.html,PC Portable ASUS  X1504VA – Intel Core i3 13e Gén / 24 Go RAM / Windows 11,,https://www.graiet.tn/media/catalog/product/cache/595488aa9cf14b0e44a19e9859f2c227/p/c/pc-portable-asus-x1504va-intel-core-i3-13e-gen-24-go-ram-windows-11_2_.webp,graiet,15.6 “,Full HD 1080p,Intel Core i3 13è Gén,,24Go,512 Go SSD,,Intel UHD Graphics,Windows 11,Non,"1 209,00 TND"
BU-X1504VA-NJ725-24G-W11P,https://www.graiet.tn/pc-portable-asus-x1504va-i3-13e-gen-24-go-ram-windows-11-silver.html,PC Portable ASUS  X1504VA – i3 13e Gén / 24 Go RAM / Windows 11 / Silver,,https://www.graiet.tn/media/catalog/product/cache/595488aa9cf14b0e44a19e9859f2c227/p/c/pc-portable-asus-x1504va-core-i3-13e-gen-24-go-ram-windows-11-silver_6_.webp,graiet,15.6 “,Full HD 1080p,Intel Core i3 13è Gén,,24Go,512 Go SSD,,Intel UHD Graphics,Windows 11,Non,"1 209,00 TND"
B2502CBA-KJ1662-16G,https://www.graiet.tn/pc-portable-asus-expertbook-b2-b2502cba-i3-12e-gen-16go-512ssd-intel-uhd.html,Pc Portable ASUS EXPERTBOOK B2 | Intel i3 - 16 Go - 512 SSD - Noir,,https://www.graiet.tn/media/catalog/product/cache/595488aa9cf14b0e44a19e9859f2c227/p/c/pc-portable-asus-expertbook-b2-b2502cba-i3-12e-gen-8go-512ssd-intel-uhd-bleu_2__1_.webp,graiet,15.6 “,Full HD 1080p,Intel Core i3-12è Gén,,16 G,512 Go SSD,,Intel UHD Graphics,Windows 11,Non,"1 229,00 TND"
B2502CBA-KJ1662-16G-WP,https://www.graiet.tn/pc-portable-asus-expertbook-b2-b2502cba-i3-12e-gen-16go-512ssd-intel-uhd-win11.html,Pc Portable ASUS EXPERTBOOK | Intel i3 - 16 Go - 512 SSD - Noir,,https://www.graiet.tn/media/catalog/product/cache/595488aa9cf14b0e44a19e9859f2c227/p/c/pc-portable-asus-expertbook-b2-b2502cba-i3-12e-gen-8go-512ssd-intel-uhd-bleu_2__2__1.webp,graiet,15.6 “,Full HD 1080p,Intel Core i3 12é Gén,,16 G,512 Go SSD,,Intel UHD Graphics,Windows 11,Non,"1 249,00 TND"
X1504VA-NJ784W,https://www.graiet.tn/asus-pc-portable-ultra-3-i3-100u-8go-512ssd-win11-quiet-blue.html,Pc Portable ASUS ULTRA 3 | Intel i3 - 8 Go - 512 SSD - Bleu,,https://www.graiet.tn/media/catalog/product/cache/595488aa9cf14b0e44a19e9859f2c227/p/c/pc-portable-asus-ultra-3-100u-8go-512ssd-win11-quiet-blue_3_.webp,graiet,15.6 “,Full HD 1080p,"i3-10110U (2.10 GHz up to 4.10 GHz, 4Mo Mémoire cache, Dual-Core)",,8 G,512 Go SSD,,Intel UHD Graphics,Windows 11,Non,"1 259,00 TND"
B2502CBA-KJ1662-24G,https://www.graiet.tn/pc-portable-asus-expertbook-b2-b2502cba-i3-12e-gen-24go-512ssd-intel-uhd.html,Pc Portable ASUS EXPERTBOOK | Intel i3 - 24 Go - 512 SSD - Windows non inclus - Noir,,https://www.graiet.tn/media/catalog/product/cache/595488aa9cf14b0e44a19e9859f2c227/p/c/pc-portable-asus-expertbook-b2-b2502cba-i3-12e-gen-8go-512ssd-intel-uhd-bleu_2__1__1.webp,graiet,15.6 “,Full HD 1080p,Intel Core i3 12é Gén,,24Go,512 Go SSD,,Intel UHD Graphics,Windows 11,Non,"1 269,00 TND"
B2502CBA-KJ1662-24G-WP,https://www.graiet.tn/pc-portable-asus-expertbook-b2-b2502cba-i3-12e-gen-24go-512ssd-win11.html,Pc Portable ASUS EXPERTBOOK | Intel i3 - 24 Go - 512 SSD - Noir,,https://www.graiet.tn/media/catalog/product/cache/595488aa9cf14b0e44a19e9859f2c227/p/c/pc-portable-asus-expertbook-b2-b2502cba-i3-12e-gen-8go-512ssd-intel-uhd-bleu_2__2__2.webp,graiet,15.6 “,Full HD 1080p,Intel Core i3 12é Gén,,24Go,512 Go SSD,,Intel HD Graphics,Windows 11,Non,"1 289,00 TND"
82VG00NXFG-2Y,https://www.graiet.tn/lenovo-pc-portable-ip-ryzen-5-7520u-16go-512ssd-win11-gris.html,Pc Portable LENOVO | AMD RYZEN 5 - 16Go - 512SSD - Gris,,https://www.graiet.tn/media/catalog/product/cache/595488aa9cf14b0e44a19e9859f2c227/p/c/pc-portable-lenovo-ideapad-ryzen-5-7520u-16go-512ssd-win11-gris_1_.webp,graiet,15.6 “,Full HD 1080p,Hélio G99,,16 G,512 Go SSD,,Intel UHD Graphics,FreeDos,Non,"1 289,00 TND"
,https://www.graiet.tn/lenovo-pc-portable-ip-3-15iil05-i3-1005g1-4go-1to-uhd-graphics-noir-81wb00xtfg,LENOVO Pc Portable IP 3 15IIL05 (i3-1005G1/4GO/1To/UHD Graphics) Noir (81WB00XTFG),,https://www.graiet.tn/media/catalog/product/cache/595488aa9cf14b0e44a19e9859f2c227/L/E/LENOVO-Pc-Portable-IP-3-15IIL05-i3-1005G14GO1ToUHD-Graphics-Noir-81WB00XTFG.jpg,graiet,,,,,,,,,,,"1 295,00 TND"
82XQ00M7FG,https://www.graiet.tn/pc-portable-lenovo-ideapad-slim-3-i5-13e-gen-16go-512ssd-fd-sacoche.html,PC PORTABLE LENOVO IDEAPAD SLIM 3 | 16 Go - 512 SSD - Silver,,https://www.graiet.tn/media/catalog/product/cache/595488aa9cf14b0e44a19e9859f2c227/p/c/pc-portable-lenovo-ideapad-slim-3-i5-13e-gen-16go-512ssd-fd-sacoche.webp,graiet,15.6 “,Full HD 1080p,Hélio G99,,16 G,512 Go SSD,,AMD Radeon ™ Intégrée,FreeDos,Non,"1 299,00 TND"
X1504VA-NJ1000W-16G,https://www.graiet.tn/pc-portable-asus-vivobook-15-x1504va-i3-13e-gen-16go-win11-avec-sac-a-dos.html,Pc Portable ASUS VIVOBOOK 15 | Intel i3 - 16 Go - 512 SSD - Silver,,https://www.graiet.tn/media/catalog/product/cache/595488aa9cf14b0e44a19e9859f2c227/p/c/pc-portable-vivobook-asus-15-x1504va-i3-13e-gen-8go-512ssd-win11-avec-sac-a-dos_1__1.webp,graiet,15.6 “,Full HD 1080p,Intel Core i3 13è Gén,,16 G,512 Go SSD,,Intel UHD Graphics,Windows 11,Non,"1 299,00 TND"
X1504VA-NJ784W-16G,https://www.graiet.tn/pc-portable-asus-ultra-3-i3-100u-8go-512ssd-win-11.html,Pc Portable ASUS ULTRA 3 | Intel i3 - 16 Go - 512 SSD - Silver,,https://www.graiet.tn/media/catalog/product/cache/595488aa9cf14b0e44a19e9859f2c227/p/c/pc-portable-asus-ultra-3-100u-8go-512ssd-win11-quiet-blue_5__1.webp,graiet,15.6 “,Full HD 1080p,Hélio G99,,16 G,512 Go SSD,,Intel HD Graphics,Windows 11,Non,"1 339,00 TND"
845B6EA,https://www.graiet.tn/pc-portable-hp15-ryzen-5-7520-8go-512ssd-win-11-nateurel-silver.html,Pc Portable HP 15 RYZEN 5 | 8GO - 512SSD - SILVER,,https://www.graiet.tn/media/catalog/product/cache/595488aa9cf14b0e44a19e9859f2c227/p/c/pc-portable-hp15-ryzen-5-7520-8go-512ssd-win-11-nateurel-silver_2_.webp,graiet,15.6 “,Full HD 1080p,Hélio G99,,8 G,512 Go SSD,,AMD Radeon ™ Intégrée,Windows 11,Non,"1 339,00 TND"
886J7EA,https://www.graiet.tn/hp-pc-portable-15-fc0017nk-ryzen-5-7520u-8go-512ssd-silver.html,Pc Portable HP 15 | 8GO - 512SSD - SILVER,,https://www.graiet.tn/media/catalog/product/cache/595488aa9cf14b0e44a19e9859f2c227/p/c/pc-portable-hp-15-fc0017nk-ryzen-5-7520u-8go-512ssd-silver-886j7ea.webp,graiet,15.6 “,Full HD 1080p,Hélio G99,,8 G,512 Go SSD,,Intel® Iris® X,Windows 11,Non,"1 339,00 TND"
X1504VA-NJ784W-24G,https://www.graiet.tn/pc-portable-asus-ultra-3-i3-100u-24go-512ssd-win-11.html,Pc Portable ASUS ULTRA 3 | Intel i3 - 24 Go - 512 SSD - Bleu,,https://www.graiet.tn/media/catalog/product/cache/595488aa9cf14b0e44a19e9859f2c227/p/c/pc-portable-asus-ultra-3-100u-8go-512ssd-win11-quiet-blue_5__1_1.webp,graiet,15.6 “,Full HD 1080p,Intel Core i3,,24Go,512 Go SSD,,Intel HD Graphics,Windows 11,Non,"1 389,00 TND"
X1504VA-NJ1000W-24G,https://www.graiet.tn/pc-portable-asus-vivobook-15-x1504va-i3-13e-gen-24go-win11-avec-sac-a-dos.html,Pc Portable ASUS VIVOBOOK 15 | Intel i3 - 24 Go - 512Go SSD - Silver,,https://www.graiet.tn/media/catalog/product/cache/595488aa9cf14b0e44a19e9859f2c227/p/c/pc-portable-vivobook-asus-15-x1504va-i3-13e-gen-8go-512ssd-win11-avec-sac-a-dos_1__2.webp,graiet,15.6 “,Full HD 1080p,Intel Core i3 13è Gén,,24Go,512 Go SSD,,Intel HD Graphics,Windows 11,Non,"1 389,00 TND"
V3520-I5-512SSD,https://www.graiet.tn/dell-pc-portable-vostro-3520-i5-12e-gen-8go-512ssd-120hz-noir.html,Pc Portable DELL VOSTRO 3520 | Intel i5 - 8 Go - 512 SSD - Noir,,https://www.graiet.tn/media/catalog/product/cache/595488aa9cf14b0e44a19e9859f2c227/p/c/pc-portable-dell-vostro-3520-i5-12e-gen-8go-512ssd-120hz-noir_4_.jpg,graiet,15.6 “,Full HD 1080p,Intel Core i5 12è Gén,,8 G,512 Go SSD,,Intel UHD Graphics,Ubuntu,Non,"1 389,00 TND"
82QD00E4FG,https://www.graiet.tn/lenovo-pc-portable-ideapad-15iau7-i5-12e-gen-8go-512ssd-fd-gris-avec-sacoche.html,PC Portable LENOVO IdeaPad 1 | Intel i5 - 8 Go - 512Go SSD - Gris,,https://www.graiet.tn/media/catalog/product/cache/595488aa9cf14b0e44a19e9859f2c227/p/c/pc-portable-lenovo-ideapad-15iau7-i5-12e-gen-8go-512ssd-fd-gris-avec-sacoche_2_.webp,graiet,15.6 “,Full HD 1080p,Intel Core i5 12è Gén,,8 G,512 Go SSD,,Intel UHD Graphics,FreeDos,Non,"1 419,00 TND"
V3520-I5-512SSD-16G,https://www.graiet.tn/dell-pc-portable-vostro-3520-i5-12e-gen-16go-512ssd-120hz-noir.html,Pc Portable DELL VOSTRO 3520 | Intel i5 - 16 Go - 512 SSD - Noir,,https://www.graiet.tn/media/catalog/product/cache/595488aa9cf14b0e44a19e9859f2c227/p/c/pc-portable-dell-vostro-3520-i5-12e-gen-16go-512ssd-120hz-noir_4_.jpg,graiet,15.6 “,Full HD 1080p,Intel Core i5 12è Gén,,16 G,512 Go SSD,,Intel UHD Graphics,Ubuntu,Non,"1 459,00 TND"
V3520-I5-512SSD-16G,https://www.graiet.tn/pc-portable-dell-vostro-3520-i5-12e-gen-16go-512ssd-120hz-windows-11.html,Pc Portable DELL VOSTRO 3520 | Intel i5 - 16 Go - 512 SSD - Noir,,https://www.graiet.tn/media/catalog/product/cache/595488aa9cf14b0e44a19e9859f2c227/p/c/pc-portable-dell-vostro-3520-i5-12e-gen-16go-512ssd-120hz-noir_4_.webp,graiet,15.6 “,Full HD 1080p,Intel Core i5 12è Gén,,16 G,512 Go SSD,,Intel UHD Graphics,Windows 11,Non,"1 479,00 TND"
82R400RXFG,https://www.graiet.tn/lenovo-pc-portable-amd-ryzen-7-5700-8go-512ssd-fd-avec-sacoche.html,Pc Portable LENOVO RYZEN 7 | 8 Go - 512 SSD - Windows non inclus - Silver,,https://www.graiet.tn/media/catalog/product/cache/595488aa9cf14b0e44a19e9859f2c227/l/e/lenovo-pc-portable-amd-ryzen-7-5700-8go-512ssd-fd-avec-sacoche.webp,graiet,15.6 “,Full HD 1080p,Hélio G99,,8 G,512 Go SSD,,AMD Radeon ™ Intégrée,FreeDos,Non,"1 499,00 TND"
82QD00E4FG-16G,https://www.graiet.tn/pc-portable-lenovo-idea-pad-15iau7-i5-12e-gen-16go-512ssd-fd-gris-avec-sacoche.html,Pc Portable LENOVO IDEA Pad 15IAU7 | i5 12é Gén - 16Go- 512SSD - FD| Gris Avec Sacoche,,https://www.graiet.tn/media/catalog/product/cache/595488aa9cf14b0e44a19e9859f2c227/p/c/pc-portable-lenovo-ideapad-15iau7-i5-12e-gen-8go-512ssd-fd-gris-avec-sacoche_2__1.webp,graiet,15.6 “,Full HD 1080p,Intel Core i5 12è Gén,,16 G,512 Go SSD,,Intel UHD Graphics,FreeDos,Non,"1 499,00 TND"
83A1009HFE,https://www.graiet.tn/lenovo-pc-portable-v15-g4-iru-i5-13e-gen-8go-512ssd-fd-noir-avec-sacoche.html,Pc Portable LENOVO V15 G4 IRU | Intel i5 - 8 Go - 512 SSD - Noir,,https://www.graiet.tn/media/catalog/product/cache/595488aa9cf14b0e44a19e9859f2c227/p/c/pc-portable-lenovo-v15-g4-iru-i5-13e-gen-8go-512ssd-fd-noir-avec-sacoche.webp,graiet,15.6 “,Full HD 1080p,Intel Core i5 13é Gén,,8 G,512 Go SSD,,Intel UHD Graphics,FreeDos,Non,"1 539,00 TND"
83ER00H5FG-2Y,https://www.graiet.tn/pc-portable-lenovo-idea-pad-slim-3-i5-12e-gen-16go-512ssd-fd-sacoche.html,Pc Portable LENOVO IDEA Pad Slim 3 |i5 12é Gén-16Go-512SSD-FD | + Sacoche,,https://www.graiet.tn/media/catalog/product/cache/595488aa9cf14b0e44a19e9859f2c227/8/3/83er0098sa-traditional-laptops-45113011011748.webp,graiet,15.6 “,Full HD 1080p,Intel Core i5 12è Gén,,16 G,512 Go SSD,,Intel UHD Graphics,FreeDos,Non,"1 539,00 TND"
X1502VA-NJ722W,https://www.graiet.tn/pc-portable-asus-x1502va-i5-13e-gen-8go-ram-512go-ssd-silver.html,PC Portable ASUS X1502VA – Intel Core i5 / 8 Go RAM / 512 SSD / Silver,,https://www.graiet.tn/media/catalog/product/cache/595488aa9cf14b0e44a19e9859f2c227/p/c/pc-portable-asus-vivobook-x1502va-i5-13e-gen-8go-ram-512go-ssd-silver_2_.webp,graiet,15.6 “,Full HD 1080p,Intel Core i5 13é Gén,,8 G,512 Go SSD,,Intel UHD Graphics,Windows 11,Non,"1 569,00 TND"
83EM00GMFG-2Y,https://www.graiet.tn/pc-portable-lenovo-ideapad-slim-3-i5-13e-gen-16go-512ssd-avec-sacoche.html,Pc Portable LENOVO IDEAPAD Slim 3 | i5 13é Gén - 16Go - 512SSD| Avec Sacoche,,https://www.graiet.tn/media/catalog/product/cache/595488aa9cf14b0e44a19e9859f2c227/l/e/lenovo-pc-portable-ideapad-slim-3-i5-13e-gen-16go.webp,graiet,15.6 “,Full HD 1080p,Intel Core i5 12è Gén,,16 G,512 Go SSD,,Intel UHD Graphics,FreeDos,Non,"1 589,00 TND"
X1502VA-NJ147W,https://www.graiet.tn/asus-pc-portable-vivobook-15-i5-13e-8go-512ssd-win-11-bleu.html,Pc Portable ASUS VIVOBOOK 15 | Intel i5 - 8 Go - 512Go SSD - Bleu,,https://www.graiet.tn/media/catalog/product/cache/595488aa9cf14b0e44a19e9859f2c227/p/c/pc-portable-asus-vivobook-15-i5-13e-8go-512ssd-win-11-bleu_6_.jpg,graiet,15.6 “,Full HD 1080p,i5 13è Gén,,8 G,512 Go SSD,,Intel® Iris® X,Windows 11,Non,"1 599,00 TND"
X1502VA-NJ722W-16G,https://www.graiet.tn/pc-portable-asus-x1502va-intel-core-i5-16-go-ram-512-ssd-silver.html,PC Portable ASUS X1502VA – Intel Core i5 / 16 Go RAM / 512 SSD / Silver,,https://www.graiet.tn/media/catalog/product/cache/595488aa9cf14b0e44a19e9859f2c227/p/c/pc-portable-asus-x1502va-intel-core-i5-16-go-ram-512-ssd-silver.webp,graiet,15.6 “,Full HD 1080p,Intel Core i5 13é Gén,,16 G,512 Go SSD,,Intel UHD Graphics,Windows 11,Non,"1 609,00 TND"
83A1009HFE-16G,https://www.graiet.tn/lenovo-pc-portable-v15-g4-iru-i5-13e-gen-16go-512ssd-fd-noir-avec-sacoche.html,Pc Portable LENOVO V15 G4 IRU | Intel i5 - 16 Go - 512 SSD - Noir,,https://www.graiet.tn/media/catalog/product/cache/595488aa9cf14b0e44a19e9859f2c227/p/c/pc-portable-lenovo-v15-g4-iru-intel-i5-16go-512ssd-free-dos-noir-avec-sacoche-t210_2_.webp,graiet,15.6 “,Full HD 1080p,Intel Core i5 13é Gén,,16 G,512 Go SSD,,Intel UHD Graphics,FreeDos,Non,"1 629,00 TND"
X1502VA-NJ722W-24G,https://www.graiet.tn/pc-portable-asus-x1502va-intel-core-i5-24go-ram-512ssd-silver.html,PC Portable ASUS X1502VA – Intel Core i5 / 24Go RAM / 512SSD / Silver,,https://www.graiet.tn/media/catalog/product/cache/595488aa9cf14b0e44a19e9859f2c227/p/c/pc-portable-asus-x1502va-intel-core-i5-24go-ram-512ssd-silver.webp,graiet,15.6 “,Full HD 1080p,Intel Core i5 13é Gén,,24Go,512 Go SSD,,NVIDIA GeForce GTX 1660,Windows 11,Non,"1 639,00 TND"
,https://www.graiet.tn/hp-pc-portable-15-9d6w0ea-i5-1334u-8go-512ssd-intel-iris-xe-win11-silver.html,Pc Portable HP 15 | Intel i5 - 8 Go - 512 SSD - Silver,,https://www.graiet.tn/media/catalog/product/cache/595488aa9cf14b0e44a19e9859f2c227/p/c/pc-portable-hp-15-9d6w0ea-i5-1334u-8go-512ssd-intel-iris-xe-win11-silver.webp,graiet,15.6 “,Full HD 1080p,Intel Core i5 13é Gén,,8 G,512 Go SSD,,Intel® Iris® X,Windows 11,Non,"1 649,00 TND"
9D6W1EA,https://www.graiet.tn/hp-pc-portable-15-9d6w1ea-i5-1334u-8go-512ssd-win-11-gold.html,Pc Portable HP 15 | Intel i5 - 8 Go - 512 SSD - Gold,,https://www.graiet.tn/media/catalog/product/cache/595488aa9cf14b0e44a19e9859f2c227/p/c/pc-portable-hp-15-a2ap0ea-i3-n305-8go-512ssd-fd-naturel-silver_5__1.webp,graiet,15.6 “,Full HD 1080p,Intel Core i5 13é Gén,,8 G,512 Go SSD,,Intel UHD Graphics,Windows 11,Non,"1 649,00 TND"
X1502VA-NJ147W-16G,https://www.graiet.tn/asus-pc-portable-vivobook-15-i5-13e-16go-512ssd-win-11-bleu.html,Pc Portable ASUS VIVOBOOK 15 | Intel i5 - 16 Go - 512 SSD - Bleu,,https://www.graiet.tn/media/catalog/product/cache/595488aa9cf14b0e44a19e9859f2c227/p/c/pc-portable-asus-vivobook-15-i5-13e-8go-512ssd-win-11-bleu_6__1_.jpg,graiet,15.6 “,Full HD 1080p,Intel Core i5 13é Gén,,16 G,512 Go SSD,,Intel® Iris® X,Windows 11,Non,"1 669,00 TND"
2R0M4EA,https://www.graiet.tn/hp-pc-portable-15-dw3012nk-i5-1135-4g-1t-noir.html,Pc Portable HP 15 | Intel i5 - 8 Go - 1 TO - Noir,,https://www.graiet.tn/media/catalog/product/cache/595488aa9cf14b0e44a19e9859f2c227/g/_/g_1.png,graiet,15.6 “,(1366 x 768) Pixels,"Intel Core i5-1135G7 ( jusqu’à 4,2 GHz, 8 Mo)",,8 G,1 To,,NVIDIA GeForce MX350,Windows 10,Non,"1 699,00 TND"
9D6W1EA-16G,https://www.graiet.tn/hp-pc-portable-15-9d6w1ea-i5-1334u-16go-512ssd-win-11-gold.html,Pc Portable HP 15 | Intel i5 - 16 Go - 512 SSD - Doré,,https://www.graiet.tn/media/catalog/product/cache/595488aa9cf14b0e44a19e9859f2c227/p/c/pc-portable-hp-15-9d6w1ea-i5-1334u-8go-512ssd-win-11-gold_1_.webp,graiet,15.6 “,Full HD 1080p,i5 13è Gén,,16 G,512 Go SSD,,Intel UHD Graphics,Windows 11,Non,"1 699,00 TND"
9D6W0EA-16G,https://www.graiet.tn/pc-portable-hp15-9d6w0ea-i5-1334u-16go-512ssd-intel-iris-xe-win11-silver.html,Pc Portable HP15 | Intel i5 - 16 Go - 512 SSD - Silver,,https://www.graiet.tn/media/catalog/product/cache/595488aa9cf14b0e44a19e9859f2c227/p/c/pc-portable-hp-15-i3-n305-16g-512ssd-intel-uhd-fd-gold_3__1.webp,graiet,"19,5""",(960 x 480) Pixels,Hélio G99,,,64 Go eMMC,,NVIDIA GeForce GTX 1660,Android 14,Non,"1 699,00 TND"
S-X1502VA-NJ231W-16G,https://www.graiet.tn/asus-pc-portable-vivobook-15-i5-13e-gen-16go-512ssd-win-11-silver.html,Pc Portable ASUS VIVOBOOK 15 | Intel i5 - 16 Go - 512 SSD - Silver,,https://www.graiet.tn/media/catalog/product/cache/595488aa9cf14b0e44a19e9859f2c227/p/c/pc-portable-asus-vivobook-15-i5-13e-gen-16go-512ssd-win-11-silver.webp,graiet,15.6 “,Full HD 1080p,Intel Core i5 13é Gén,,16 G,512 Go SSD,,Intel UHD Graphics,Windows 11,Non,"1 699,00 TND"
X1502VA-NJ147W-24,https://www.graiet.tn/pc-portable-asus-vivobook-15-x1502va-i5-24-go-512-ssd-bleu.html,PC Portable ASUS VivoBook 15 – Intel Core i5 / 24 Go / 512 SSD / Bleu,,https://www.graiet.tn/media/catalog/product/cache/595488aa9cf14b0e44a19e9859f2c227/p/c/pc-portable-asus-vivobook-15-x1502va-i5-24-go-512-ssd-bleu_4_.webp,graiet,15.6 “,Full HD 1080p,Intel Core i5 13é Gén,,24Go,512 Go SSD,,Intel® Iris® X,FreeDos,Non,"1 699,00 TND"
82XM00H6FG-2Y,https://www.graiet.tn/lenovo-pc-portable-ideapad-slim-3-ryzen-7-7730u-16go-512ssd-gris.html,Pc Portable LENOVO Slim 3 | AMD Ryzen 7 - 16 Go - 512 SSD - Free Dos - Gris,,https://www.graiet.tn/media/catalog/product/cache/595488aa9cf14b0e44a19e9859f2c227/p/c/pc-portable-lenovo-ideapad-slim-3-ryzen-7-7730u-16go-512ssd-gris.webp,graiet,15.6 “,Full HD 1080p,Hélio G99,,16 G,512 Go SSD,,AMD Radeon ™ Intégrée,FreeDos,Non,"1 699,00 TND"
82SF00FBFG,https://www.graiet.tn/lenovo-pc-portable-ideapad-5-i7-11gen-8go-512ssd-mx450-2go-fd-82fg00w4fe.html,Pc Portable LENOVO IDEAPAD 5 | Intel Core i7 - 8 Go - 512 SSD  - Gris,,https://www.graiet.tn/media/catalog/product/cache/595488aa9cf14b0e44a19e9859f2c227/l/e/lenovo_pc_portable_ideapad_5_15itl05_i7_11g_n8go512ssdmx450_2gofd_gris_82fg00w4fe.png,graiet,15.6 “,Full HD 1080p,Intel® Core™ i7 11émé génération,,8 G,512 Go SSD,,NVIDIA GeForce MX450,FreeDos,Non,"1 699,00 TND"
BU-A2AN8EA-24G,https://www.graiet.tn/pc-portable-hp-15-9d6w0ea-i5-1334u-24go-512ssd-intel-iris-xe-win11-silver.html,Pc Portable HP 15 | Intel i5 - 24 Go - 512 SSD - Silver,,https://www.graiet.tn/media/catalog/product/cache/595488aa9cf14b0e44a19e9859f2c227/p/c/pc-portable-hp-15-i3-n305-32go-512go-ssd-silver-or-chaud_1.jpg,graiet,15.6 “,Full HD 1080p,i5 13è Gén,,24Go,512 Go SSD,,Intel UHD Graphics,Windows 11,Non,"1 749,00 TND"
9D6W1EA-24G,https://www.graiet.tn/hp-pc-portable-15-9d6w1ea-i5-1334u-24go-512ssd-win-11-gold.html,Pc Portable HP 15 | Intel i5 - 24 Go - 512 SSD - Doré,,https://www.graiet.tn/media/catalog/product/cache/595488aa9cf14b0e44a19e9859f2c227/p/c/pc-portable-hp-15-9d6w1ea-i5-1334u-24go-512ssd-win-11-gold_1_.webp,graiet,15.6 “,Full HD 1080p,i5 13è Gén,,24Go,512 Go SSD,,Intel® Iris® X,Windows 11,Non,"1 749,00 TND"
A2AN8EA,https://www.graiet.tn/hp-pc-portable-hp-15-fd0045nk-i5-13e-gen-8go-512ssd-mx570-win11-gold.html,Pc Portable HP 15 | Intel i5 - 8 Go - 512 SSD - Doré,,https://www.graiet.tn/media/catalog/product/cache/595488aa9cf14b0e44a19e9859f2c227/p/c/pc-portable-hp-15-fd0045nk-i5-13e-gen-8go-512ssd-mx570-win11-gold.webp,graiet,15.6 “,Full HD 1080p,Intel Core i5 13é Gén,,8 G,512 Go SSD,,GeForce MX570A,Windows 11,Non,"1 869,00 TND"
9D6W1EA-32G,https://www.graiet.tn/hp-pc-portable-15-9d6w1ea-i5-1334u-32go-512ssd-win-11-gold.html,Pc Portable HP 15  | Intel i5 - 32 Go - 512 SSD -  Doré,,https://www.graiet.tn/media/catalog/product/cache/595488aa9cf14b0e44a19e9859f2c227/h/p/hp-pc-portable-15-9d6w1ea-i5-1334u-32go-512ssd-win11-gold_1_.webp,graiet,15.6 “,Full HD 1080p,i5 13è Gén,,32Go,512 Go SSD,,Intel UHD Graphics,Windows 11,Non,"1 869,00 TND"
A2AP6EA-32G,https://www.graiet.tn/pc-portable-hp15-9d6w0ea-i5-1334u-32go-512ssd-intel-iris-xe-win11-silver.html,Pc Portable HP 15 | Intel i5 - 32 Go - 512 SSD - Silver,,https://www.graiet.tn/media/catalog/product/cache/595488aa9cf14b0e44a19e9859f2c227/p/c/pc-portable-hp-15-i3-n305-32go-512go-ssd-silver-or-chaud.jpg,graiet,15.6 “,Full HD 1080p,i5 13è Gén,,32Go,512 Go SSD,,Intel UHD Graphics,Windows 11,Non,"1 875,00 TND"
A76C2EA,https://www.graiet.tn/hp-pc-portable-15-a76c2ea-ryzen-7-7730-16go-512ssd-win11-natural-silver.html,Pc Portable HP 15 | RYZEN 7 - 16 Go - 512 SSD - Silver,,https://www.graiet.tn/media/catalog/product/cache/595488aa9cf14b0e44a19e9859f2c227/p/c/pc-portable-hp-15-a76c2ea-ryzen-7-7730-16go-512ssd-win11-natural-silver.webp,graiet,15.6 “,Full HD 1080p,Hélio G99,,16 G,512 Go SSD,,Intel UHD Graphics,Windows 11,Non,"1 899,00 TND"
A2AN8EA-16G,https://www.graiet.tn/pc-portable-hp-15-fd0045nk-i5-13e-gen-16go-512ssd-mx570-win11-gold.html,Pc Portable HP 15 | Intel i5 - 16 Go - 512 SSD - Doré,,https://www.graiet.tn/media/catalog/product/cache/595488aa9cf14b0e44a19e9859f2c227/p/c/pc-portable-hp-15-fd0045nk-i5-13e-gen-8go-512ssd-mx570-win11-gold_2.webp,graiet,15.6 “,Full HD 1080p,Intel Core i5 13é Gén,,16 G,512 Go SSD,,NVIDIA GeForce MX550,Windows 11,Non,"1 919,00 TND"
X1502VA-NJ233W,https://www.graiet.tn/asus-pc-portable-vivobook-15-x1502va-i7-13e-gen-8go-512ssd-silver.html,Pc Portable ASUS VIVOBOOK 15 | intel core i7  13è Gén -  8Go  -  512SSD  -  Silver,,https://www.graiet.tn/media/catalog/product/cache/595488aa9cf14b0e44a19e9859f2c227/p/c/pc-portable-asus-vivobook-15-x1502va-i7-13e-gen-8go-512ssd-silver_2_.webp,graiet,15.6 “,Full HD 1080p,Intel Core  i7 13è Gén,,8 G,512 Go SSD,,Intel UHD Graphics,Windows 11,Non,"1 949,00 TND"
A2AN8EA-24G,https://www.graiet.tn/pc-portable-hp-15-fd0045nk-i5-13e-gen-24go-512ssd-mx570-win11-gold.html,Pc Portable HP 15 | Intel i5 - 24 Go - 512 SSD - Doré,,https://www.graiet.tn/media/catalog/product/cache/595488aa9cf14b0e44a19e9859f2c227/p/c/pc-portable-hp-15-fd0045nk-i5-13e-gen-8go-512ssd-mx570-win11-gold_1_.webp,graiet,15.6 “,Full HD 1080p,Intel Core i5 13é Gén,,24Go,512 Go SSD,,GeForce RTX 4070,Windows 11,Non,"1 969,00 TND"
83EM00GRFG,https://www.graiet.tn/pc-portable-lenovo-ideapad-slim-3-15irh8-i7-13e-gen-16go-win-11-saccoche.html,PC Portable Lenovo IdeaPad Slim 3 15IRH8 | Intel Core i7 | 16Go RAM | Windows 11 + Sacoche,,https://www.graiet.tn/media/catalog/product/cache/595488aa9cf14b0e44a19e9859f2c227/p/c/pc-portable-lenovo-ideapad-slim-3-15irh8-i7-13e-gen-16go-win-11-saccoche.webp,graiet,15.6 “,Full HD 1080p,Intel Core  i7 13è Gén,,16 G,512 Go SSD,,Intel UHD Graphics,Windows 11,Non,"1 999,00 TND"
N1601PVNB3530,https://www.graiet.tn/pc-portable-dell-vostro-i7-13e-gen-512go-ssd-ubuntu.html,Pc Portable DELL VOSTRO | i7 – 8Go – 512SSD – Ubuntu,,https://www.graiet.tn/media/catalog/product/cache/595488aa9cf14b0e44a19e9859f2c227/p/c/pc-portable-dell-vostro-i7-13e-gen-512go-ssd-ubuntu_5_.webp,graiet,"19,5""",(960 x 480) Pixels,Hélio G99,,,64 Go eMMC,,NVIDIA GeForce GTX 1660,Android 14,Non,"1 999,00 TND"
FA506NF-HN005W,https://www.graiet.tn/pc-portable-gamer-asus-amd-ryzen-5-rtx-2050-8go-ddr5-ssd-512go-tuf-fa506nf.html,PC Portable ASUS TUF A15 – Ryzen 5 – RTX 2050 – 512 SSD,,https://www.graiet.tn/media/catalog/product/cache/595488aa9cf14b0e44a19e9859f2c227/p/c/pc-portable-gamer-asus-amd-ryzen-5-8-go-ddr5-ssd-512-go-rtx-2050-tuf-fa506nf-hn004_3_.webp,graiet,15.6 “,Full HD 1080p,_,,8 G,512 Go SSD,,GeForce RTX 2050,FreeDos,Oui,"2 009,00 TND"
FA506NF-HN005W-W11,https://www.graiet.tn/pc-portable-asus-tuf-a15-ryzen-5-rtx-2050-8go-windows-11.html,PC Portable ASUS TUF A15 – Ryzen 5 – RTX 2050 – 8Go – Windows 11,,https://www.graiet.tn/media/catalog/product/cache/595488aa9cf14b0e44a19e9859f2c227/a/s/asus_tuf_a15_gamer_ryzen_5_rtx_2050_8go_ssd_windows_11.webp,graiet,15.6 “,Full HD 1080p,_,,8 G,512 Go SSD,,GeForce RTX 2050,Windows 11,Oui,"2 029,00 TND"
814494-3510,https://www.graiet.tn/dell-pc-portable-vostro-3510-i5-11e-gen-8go-512ssd-mx-350-fd-noir-3510-i5.html,Pc Portable DELL VOSTRO 3510 | Intel i5 - 8 Go - 512 SSD - Noir,,https://www.graiet.tn/media/catalog/product/cache/595488aa9cf14b0e44a19e9859f2c227/m/m/mm.png,graiet,15.6 “,Full HD 1080p,"Intel Core i5-1135G7 ( jusqu’à 4,2 GHz, 8 Mo)",,8 G,512 Go SSD,,Intel UMA Graphics,FreeDos,Non,"2 059,00 TND"
A2AN8EA-32G,https://www.graiet.tn/pc-portable-hp15-fd0045nk-i5-13e-gen-32go-512ssd-mx570-win11-gold.html,Pc Portable HP 15 | Intel i5 - 32 Go - 512 SSD - Doré,,https://www.graiet.tn/media/catalog/product/cache/595488aa9cf14b0e44a19e9859f2c227/p/c/pc-portable-hp-15-fd0045nk-i5-13e-gen-8go-512ssd-mx570-win11-gold_1__1.webp,graiet,15.6 “,Full HD 1080p,Intel Core i5 13é Gén,,32Go,512 Go SSD,,NVIDIA GeForce MX550,Windows 11,Non,"2 079,00 TND"
83GS00KYFG,https://www.graiet.tn/pc-portable-lenovo-loq-i5-12e-gen-8go-512ssd-rtx-2050-souris-gaming.html,Pc Portable LENOVO LOQ | i5 12é Gén - 8Go - 512SSD - RTX 2050 | + Souris Gaming,,https://www.graiet.tn/media/catalog/product/cache/595488aa9cf14b0e44a19e9859f2c227/p/c/pc-portable-lenovo-loq-i5-12e-gen-8go-512ssd-rtx-2050-souris-gaming-m100.webp,graiet,15.6 “,Full HD 1080p,Intel Core i5 12è Gén,,8 G,512 Go SSD,,GeForce RTX 2050,FreeDos,Oui,"2 099,00 TND"
82R700K6FG,https://www.graiet.tn/pc-portable-lenovo-flex-5-i5-12e-gen-14-tactile-8go-windows-11.html,"PC PORTABLE LENOVO FLEX 5 |Intel i5  - 12é Gén  - 14"" Tactile  - 8GO - Windows 11 - Noir",,https://www.graiet.tn/media/catalog/product/cache/595488aa9cf14b0e44a19e9859f2c227/p/c/pc-portable-lenovo-flex-5-i5-12e-gen-14-tactile-8go-windows-11_2_.webp,graiet,14″ Full HD,Full HD 1080p,Intel Core i5 12è Gén,,8 G,512 Go SSD,,Intel® Iris® X,Windows 11,Non,"2 119,00 TND"
X1502VA-NJ257W,https://www.graiet.tn/asus-pc-portable-vivobook-15-x1502va-i9-13e-gen-8go-win11-silver.html,Pc Portable ASUS VIVOBOOK 15 | Intel Core i9 - 8 Go - 512 SSD - Silver,,https://www.graiet.tn/media/catalog/product/cache/595488aa9cf14b0e44a19e9859f2c227/p/c/pc-portable-asus-vivobook-15-x1502va-i9-13e-gen-16-go-win11-silver_1_.webp,graiet,15.6 “,Full HD 1080p,Intel Core i9 13è Gén,,8 G,512 Go SSD,,Intel® Iris® X,Windows 11,Non,"2 125,00 TND"
9S7-16R831-2607,https://www.graiet.tn/msi-pc-portable-thin-15-i5-13e-gen-8go-512ssd-rtx2050-fd-noir-tunisie.html,Pc Portable MSI Thin 15 | Intel i5  - 8 Go - 512 SSD - GeForce RTX2050 -  Pc Gaming - Noir,,https://www.graiet.tn/media/catalog/product/cache/595488aa9cf14b0e44a19e9859f2c227/p/c/pc-portable-msi-thin-15-i5-13e-gen-8go-512ssd-rtx2050-fd-noir-tunisie_2__1.webp,graiet,17.3″,Full HD 1080p,Intel Core i5-11400H,,8 G,512 Go SSD,,GeForce RTX 2050,FreeDos,Non,"2 149,00 TND"
83GS00AUFG,https://www.graiet.tn/pc-portable-lenovo-loq-i5-12e-gen-8go-512ssd-rtx-2050-win11-souris-gaming.html,Pc Portable LENOVO LOQ | i5 12é Gén - 8Go - 512SSD - RTX 2050 - WIN11| + Souris Gaming,,https://www.graiet.tn/media/catalog/product/cache/595488aa9cf14b0e44a19e9859f2c227/p/c/pc-portable-lenovo-loq-i5-12e-gen-8go-512ssd-rtx-2050-souris-gaming-m100_1.webp,graiet,15.6 “,Full HD 1080p,Intel Core i5 12è Gén,,8 G,512 Go SSD,,NVIDIA GeForce GTX 1660,Windows 11,Oui,"2 149,00 TND"
83LK006SFG,https://www.graiet.tn/pc-portable-lenovo-loq-i5-12e-gen-16go-512ssd-rtx-2050-win11-souris-m100.html,PC PORTABLE LENOVO LOQ | i5 12é Gén - 16GO - 512SSD - RTX 2050 - WIN11 + SOURIS M100,,https://www.graiet.tn/media/catalog/product/cache/595488aa9cf14b0e44a19e9859f2c227/p/c/pc-portable-lenovo-loq-i7-12e-gen-16go-512ssd-rtx-4050-win11-souris-m100_1.webp,graiet,15.6 “,Full HD 1080p,Intel Core i5 12è Gén,,16 G,512 Go SSD,,GeForce RTX 2050,Windows 11,Oui,"2 149,00 TND"
FA506NF-HN004-16G,https://www.graiet.tn/pc-portable-gamer-asus-tuf-a15-fa506nf-ryzen-5-16go-ddr5-rtx-2050-ssd-512go.html,PC Portable ASUS TUF A15 – Ryzen 5 – RTX 2050 – 16Go – 512 SSD,,https://www.graiet.tn/media/catalog/product/cache/595488aa9cf14b0e44a19e9859f2c227/p/c/pc-portable-gamer-asus-tuf-a15-fa506nf-ryzen-5-16go-ddr5-rtx-2050-ssd-512go.jpg,graiet,15.6 “,Full HD 1080p,_,,16 G,512 Go SSD,,GeForce RTX 2050,FreeDos,Oui,"2 149,00 TND"
FA506NF-HN005W-16-W,https://www.graiet.tn/pc-portable-asus-tuf-a15-ryzen-5-rtx-2050-16go-ssd-windows-11.html,PC Portable ASUS TUF A15 Ryzen 5 RTX 2050 16Go SSD Windows 11,,https://www.graiet.tn/media/catalog/product/cache/595488aa9cf14b0e44a19e9859f2c227/p/c/pc-portable-asus-tuf-a15-ryzen-5-rtx-2050-16go-ssd-windows-11.webp,graiet,15.6 “,Full HD 1080p,,,16 G,512 Go SSD,,GeForce RTX 2050,Windows 11,Oui,"2 169,00 TND"
X1502VA-NJ257W-16G,https://www.graiet.tn/pc-portable-asus-vivobook-15-x1502va-i9-13e-gen-16go-win11-silver.html,Pc Portable ASUS VIVOBOOK 15 X1502VA | Intel i9 13è Gén - 16Go - Windows 11 - Silver,,https://www.graiet.tn/media/catalog/product/cache/595488aa9cf14b0e44a19e9859f2c227/p/c/pc-portable-asus-vivobook-15-x1502va-i9-13e-gen-16-go-win11-silver_1__1.webp,graiet,15.6 “,Full HD 1080p,Intel Core i9 13è Gén,,16 G,512 Go SSD,,Intel® Iris® X,Windows 11,Non,"2 189,00 TND"
X1502VA-NJ233W-16G,https://www.graiet.tn/pc-portable-asus-vivobook-15-x1502va-i7-13e-gen-16go-512ssd-silver.html,Pc Portable ASUS VIVOBOOK 15 X1502VA | i7 13è Gén - 16Go - 512SSD - Silver,,https://www.graiet.tn/media/catalog/product/cache/595488aa9cf14b0e44a19e9859f2c227/p/c/pc-portable-asus-vivobook-15-x1502va-i7-13e-gen-16go-512ssd-silver.webp,graiet,15.6 “,Full HD 1080p,Intel Core  i7 13è Gén,,16 G,512 Go SSD,,Intel® Iris® X,Windows 11,Non,"2 189,00 TND"
83GS00KYFG-16G,https://www.graiet.tn/pc-portable-lenovo-loq-i5-12e-gen-16go-512ssd-rtx-2050-souris-gaming.html,PC Gamer LENOVO LOQ i5 12e Gén RTX 2050 16Go SSD 512Go + Souris,,https://www.graiet.tn/media/catalog/product/cache/595488aa9cf14b0e44a19e9859f2c227/p/c/pc-portable-lenovo-loq-i5-12e-gen-16go-512ssd-rtx-2050-souris-gaming.webp,graiet,15.6 “,Full HD 1080p,Intel Core i5 12è Gén,,16 G,512 Go SSD,,NVIDIA GeForce RTX 3050,FreeDos,Oui,"2 189,00 TND"
FA506NF-HN005W-24G,https://www.graiet.tn/pc-portable-gamer-asus-tuf-a15-fa506nf-ryzen-5-24go-rtx-2050-ssd-512go.html,PC Portable ASUS TUF A15 – Ryzen 5 – RTX 2050 – 24Go – 512 SSD,,https://www.graiet.tn/media/catalog/product/cache/595488aa9cf14b0e44a19e9859f2c227/p/c/pc-portable-gamer-asus-tuf-a15-fa506nf-ryzen-5-24go-rtx-2050-ssd-512go.jpg,graiet,15.6 “,Full HD 1080p,Hélio G99,,24Go,512 Go SSD,,GeForce RTX 2050,FreeDos,Oui,"2 199,00 TND"
9S7-16R831-2607-16G,https://www.graiet.tn/msi-pc-portable-thin-15-i5-13e-gen-16go-512ssd-rtx2050-fd-noir.html,PC Portable Gamer MSI Thin 15” i5 RTX 2050 16Go 512SSD - Noir,,https://www.graiet.tn/media/catalog/product/cache/595488aa9cf14b0e44a19e9859f2c227/p/c/pc-portable-msi-thin-15-i5-13e-gen-16go-512ssd-rtx2050-fd-noir.webp,graiet,15.6 “,Full HD 1080p,Intel Core i5 13é Gén,,16 G,512 Go SSD,,GeForce RTX 2050,FreeDos,Oui,"2 199,00 TND"
9U175EA,https://www.graiet.tn/hp-pc-portable-gamer-victus-15-9u175ea-i5-13e-gen-8go-512ssd-rtx2050-win11.html,Pc Portable HP Gamer VICTUS 15 | Intel i5 - 8 Go - 512 SSD -  GeForce RTX 2050 - Noir,,https://www.graiet.tn/media/catalog/product/cache/595488aa9cf14b0e44a19e9859f2c227/p/c/pc-portable-gamer-hp-victus-15-6u8w2ea-i5-13e-gen-8go-512ssd-rtx3050-win11_2_.webp,graiet,15.6 “,Full HD 1080p,i5 13è Gén,,8 G,512 Go SSD,,GeForce RTX 2050,Windows 11,Oui,"2 219,00 TND"
9U1B9EA,https://www.graiet.tn/pc-portable-hp-victus-15-9u1b9ea-fa1006nk-i5-13e-gen-8go-512ssd-rtx2050-win-11.html,PC PORTABLE HP VICTUS 15 | Intel i5 - 8 GO - 512 SSD - Nvidia RTX2050 -  Bleu,,https://www.graiet.tn/media/catalog/product/cache/595488aa9cf14b0e44a19e9859f2c227/p/c/pc-portable-hp-victus-15-9u1b9ea-fa1006nk-i5-13e-gen-8go-512ssd-rtx2050-win-11.webp,graiet,15.6 “,Full HD 1080p,Intel Core i5 13é Gén,,8 G,512 Go SSD,,GeForce RTX 2050,Windows 11,Oui,"2 219,00 TND"
X1502VA-NJ257W-24G,https://www.graiet.tn/pc-portable-asus-vivobook-15-x1502va-i9-13e-gen-24go-win11-silver.html,Pc Portable ASUS VIVOBOOK 15 X1502VA | Intel i9 13è Gén - 24Go - Windows 11 - Silver,,https://www.graiet.tn/media/catalog/product/cache/595488aa9cf14b0e44a19e9859f2c227/p/c/pc-portable-asus-vivobook-15-x1502va-i9-13e-gen-24go-win11-silver_2_.webp,graiet,15.6 “,Full HD 1080p,Intel Core i9 13è Gén,,24Go,512 Go SSD,,Intel® Iris® X,Windows 11,Non,"2 229,00 TND"
X1502VA-NJ233W-24G,https://www.graiet.tn/pc-portable-asus-vivobook-15-x1502va-i7-13e-gen-24go-512ssd-silver.html,Pc Portable ASUS VIVOBOOK 15 | Intel i7 - 24 Go - 512 SSD - Silver,,https://www.graiet.tn/media/catalog/product/cache/595488aa9cf14b0e44a19e9859f2c227/p/c/pc-portable-asus-vivobook-15-x1502va-i7-13e-gen-24go-512ssd-silver.webp,graiet,15.6 “,Full HD 1080p,Intel Core  i7 13è Gén,,24Go,512 Go SSD,,Intel® Iris® X,Windows 11,Non,"2 229,00 TND"
9S7-16R831-2607-24G,https://www.graiet.tn/pc-portable-msi-thin-15-i5-13e-gen-24go-512ssd-rtx2050-fd-noir.html,PC Portable Gamer MSI Thin 15” i5 RTX 2050 24Go 512SSD Noir,,https://www.graiet.tn/media/catalog/product/cache/595488aa9cf14b0e44a19e9859f2c227/p/c/pc-portable-msi-thin-15-i5-13e-gen-16go-512ssd-rtx2050-fd-noir_1__1_2_1.webp,graiet,15.6 “,Full HD 1080p,Intel Core i5 13é Gén,,24Go,512 Go SSD,,NVIDIA GeForce GTX 1660,FreeDos,Oui,"2 249,00 TND"
FA506NFR-HN005W,https://www.graiet.tn/pc-portable-gaming-asus-tuf-f506-ryzen-7-8go-rtx-2050-512ssd-win-11.html,PC Portable ASUS TUF A15 – Ryzen 7 – RTX 2050 – Windows 11,,https://www.graiet.tn/media/catalog/product/cache/595488aa9cf14b0e44a19e9859f2c227/p/c/pc-portable-gaming-asus-tuf-f506-ryzen-7-8go-rtx-2050-512ssd-win-11-tunisie_5_.webp,graiet,15.6 “,Full HD 1080p,Hélio G99,,8 G,512 Go SSD,,GeForce RTX 2050,Windows 11,Oui,"2 249,00 TND"
FA506NF-HN004-32G,https://www.graiet.tn/pc-portable-gamer-asus-tuf-a15-amd-ryzen-5-ddr5-32go-rtx-2050-ssd-512go.html,PC Portable ASUS TUF A15 – Ryzen 5 – RTX 2050 – 32Go – 512 SSD,,https://www.graiet.tn/media/catalog/product/cache/595488aa9cf14b0e44a19e9859f2c227/p/c/pc-portable-gamer-asus-amd-ryzen-5-8-go-ddr5-ssd-512-go-rtx-2050-tuf-fa506nf-hn004_3__1_.webp,graiet,15.6 “,Full HD 1080p,_,,32Go,512 Go SSD,,GeForce RTX 2050,FreeDos,Oui,"2 269,00 TND"
83GS00KYFG-32,https://www.graiet.tn/pc-portable-lenovo-loq-i5-12e-gen-32go-512ssd-rtx-2050-souris-gaming.html,PC Portable LENOVO LOQ i5 32Go RTX 2050 + Souris Gaming,,https://www.graiet.tn/media/catalog/product/cache/595488aa9cf14b0e44a19e9859f2c227/p/c/pc-portable-lenovo-loq-i5-12e-gen-32go-512ssd-rtx-2050-souris-gaming-m100.webp,graiet,15.6 “,Full HD 1080p,Intel Core i5 12è Gén,,32Go,512 Go SSD,,GeForce RTX 2050,FreeDos,Oui,"2 289,00 TND"
9U175EA-16G,https://www.graiet.tn/hp-pc-portable-gamer-victus-15-9u175ea-i5-13e-gen-16go-512ssd-rtx2050-win11.html,Pc Portable HP Gamer VICTUS 15 | Intel i5 - 16 Go - 512 SSD -  GeForce RTX 2050 - Noir,,https://www.graiet.tn/media/catalog/product/cache/595488aa9cf14b0e44a19e9859f2c227/p/c/pc-portable-gamer-hp-victus-15-9u175ea-i5-13e-gen-16go-512ssd-rtx2050-win11_2_.webp,graiet,15.6 “,Full HD 1080p,Intel Core i5 12è Gén,,16 G,512 Go SSD,,GeForce RTX 2050,Windows 11,Oui,"2 309,00 TND"
83GS00KYFG-24G,https://www.graiet.tn/pc-portable-lenovo-loq-i5-12e-gen-24go-512ssd-rtx-2050-souris-gaming.html,PC Gamer LENOVO LOQ i5 12e Gén 24Go RTX 2050 + Souris,,https://www.graiet.tn/media/catalog/product/cache/595488aa9cf14b0e44a19e9859f2c227/p/c/pc-portable-lenovo-loq-i5-12e-gen-24go-512ssd-rtx-2050-souris-gaming-m100_5_.webp,graiet,15.6 “,Full HD 1080p,Intel Core i5 12è Gén,,24Go,512 Go SSD,,GeForce RTX 2050,FreeDos,Oui,"2 319,00 TND"
83GS00AUFG-16G,https://www.graiet.tn/pc-portable-lenovo-loq-i5-12e-gen-16-go-512ssd-rtx-2050-win11-souris-gaming.html,Pc Portable LENOVO LOQ | i5 12é Gén - 16 Go - 512SSD - RTX 2050 - WIN11| + Souris Gaming,,https://www.graiet.tn/media/catalog/product/cache/595488aa9cf14b0e44a19e9859f2c227/p/c/pc-portable-lenovo-loq-ai-i7-13e-gen-16go-512ssd-rtx-3050-souris-gaming-m100_5__2__1_1.webp,graiet,15.6 “,Full HD 1080p,Intel Core i5 12è Gén,,16 G,512 Go SSD,,GeForce RTX 2050,Windows 11,Non,"2 359,00 TND"
9S7-16R831-2607-32G,https://www.graiet.tn/msi-pc-portable-thin-15-i5-13e-gen-32go-512ssd-rtx2050-fd-noir.html,PC Portable MSI Thin 15” i5 RTX 2050 32Go 512SSD Noir,,https://www.graiet.tn/media/catalog/product/cache/595488aa9cf14b0e44a19e9859f2c227/p/c/pc-portable-msi-thin-15-i5-13e-gen-32go-512ssd-rtx2050-fd-noir_1_.webp,graiet,15.6 “,Full HD 1080p,Intel Core i5 13é Gén,,32Go,512 Go SSD,,GeForce RTX 2050,FreeDos,Oui,"2 359,00 TND"
9U175EA-24G,https://www.graiet.tn/hp-pc-portable-gamer-victus-15-9u175ea-i5-13e-gen-24go-512ssd-rtx2050-win11.html,Pc Portable HP Gamer VICTUS 15 | Intel i5 - 24 Go - 512 SSD -  GeForce RTX 2050 - Noir,,https://www.graiet.tn/media/catalog/product/cache/595488aa9cf14b0e44a19e9859f2c227/p/c/pc-portable-gamer-hp-victus-15-9u175ea-i5-13e-gen-16go-512ssd-rtx2050-win11_2__1.webp,graiet,15.6 “,Full HD 1080p,Intel Core i5 13é Gén,,24Go,512 Go SSD,,GeForce RTX 2050,Windows 11,Oui,"2 369,00 TND"
BU-FA506NFR-HN005W-16,https://www.graiet.tn/pc-portable-gaming-asus-tuf-a15-ryzen-7-16go-rtx-2050-512ssd-win-11-noir.html,PC Portable ASUS TUF A15 – Ryzen 7 – RTX 2050 – 16Go – 512 SSD,,https://www.graiet.tn/media/catalog/product/cache/595488aa9cf14b0e44a19e9859f2c227/p/c/pc-portable-gaming-asus-tuf-a15-ryzen-7-16go-rtx-2050-512ssd-win-11-noir_1_.webp,graiet,15.6 “,Full HD 1080p,Hélio G99,,16 G,512 Go SSD,,GeForce RTX 2050,Windows 11,Oui,"2 389,00 TND"
83GS00AUFG-32G,https://www.graiet.tn/pc-portable-lenovo-loq-i5-12e-gen-32-go-512ssd-rtx-2050-win11-souris-gaming.html,PC Portable LENOVO LOQ i5 32Go RTX 2050 Windows 11 + Souris Gaming,,https://www.graiet.tn/media/catalog/product/cache/595488aa9cf14b0e44a19e9859f2c227/p/c/pc-portable-lenovo-loq-ai-i7-13e-gen-16go-512ssd-rtx-3050-souris-gaming-m100_5__3__1.webp,graiet,15.6 “,Full HD 1080p,Intel Core i5 12è Gén,,32Go,512 Go SSD,,GeForce RTX 2050,Windows 11,Oui,"2 389,00 TND"
9S7-16R831-2607,https://www.graiet.tn/msi-pc-portable-gamer-thin-15-b13ucx-i7-13620h-8go-512ssd-rtx2050-fd-noir.html,Pc Portable MSI Thin 15 | Intel i7 - 13 Gén - 8Go - 512SSD - RTX2050/FD - 13620H - Noir,,https://www.graiet.tn/media/catalog/product/cache/595488aa9cf14b0e44a19e9859f2c227/p/c/pc-portable-msi-thin-15-i5-13e-gen-16go-512ssd-rtx2050-fd-noir_1__1.webp,graiet,"14""",(1366×768) Pixels,"Intel Core i5-1135G7 ( jusqu’à 4,2 GHz, 8 Mo)",,8 G,512 Go SSD,,Intel UHD Graphics,Windows 10,Non,"2 389,00 TND"
V3607VJ-RP086,https://www.graiet.tn/pc-portable-asus-gamer-intel-i5-240h-rtx-3050-16-pouces-ssd-512-sac-a-dos.html,PC Portable Gamer ASUS V16 | Intel Core i5 - RTX 3050 - 16 pouces + Sac à Dos,,https://www.graiet.tn/media/catalog/product/cache/595488aa9cf14b0e44a19e9859f2c227/p/c/pc-portable-asus-gamer-intel-i5-240h-rtx-3050-16-pouces-ssd-512-sac-a-dos.webp,graiet,"16""",Full HD 1080p,Intel  Core i5 210H,,8 G,512 Go SSD,,NVIDIA GeForce GTX 1660,FreeDos,Oui,"2 399,00 TND"
0208271,https://www.graiet.tn/msi-pc-portable-gaming-thin-gf63-i7-12e-gen-8go-512-rtx2050-avec-sac-a-dos.html,Pc Portable MSI Thin GF63 | Intel i7  - 12 Gén  -  8Go  - 512SSD  +   SAC A DOS  -  Pc Gaming,,https://www.graiet.tn/media/catalog/product/cache/595488aa9cf14b0e44a19e9859f2c227/p/c/pc-portable-gaming-msi-thin-gf63-i7-12e-gen-16go-512-rtx2050-avec-sac-a-dos_1.jpg,graiet,15.6 “,Full HD 1080p,Intel Core i7 12è Gén,,8 G,512 Go SSD,,NVIDIA GeForce GTX 1660,FreeDos,Non,"2 399,00 TND"
83GS00AUFG-24G,https://www.graiet.tn/pc-portable-lenovo-loq-i5-12e-gen-24-go-512ssd-rtx-2050-win11-souris-gaming.html,PC Portable LENOVO LOQ i5 24Go RTX 2050 + Souris Gaming,,https://www.graiet.tn/media/catalog/product/cache/595488aa9cf14b0e44a19e9859f2c227/p/c/pc-portable-lenovo-loq-ai-i7-13e-gen-16go-512ssd-rtx-3050-souris-gaming-m100_5__3_.webp,graiet,15.6 “,Full HD 1080p,Intel Core i5 12è Gén,,24Go,512 Go SSD,,GeForce RTX 2050,Windows 11,Oui,"2 399,00 TND"
83LK006VFG,https://www.graiet.tn/pc-portable-lenovo-loq-i5-12e-gen-16go-512ssd-rtx-3050-win11-souris-m100.html,PC Portable LENOVO LOQ i5 RTX 3050 16Go SSD 512 + Souris,,https://www.graiet.tn/media/catalog/product/cache/595488aa9cf14b0e44a19e9859f2c227/p/c/pc-portable-lenovo-loq-i5-12e-gen-16go-512ssd-rtx-3050-win11-souris-m100.webp,graiet,15.6 “,Full HD 1080p,Intel Core i5 12è Gén,,16 G,512 Go SSD,,GeForce RTX 2050,Windows 11,Oui,"2 399,00 TND"
83GS00GHFG-2Y,https://www.graiet.tn/pc-portable-gaming-lenovo-loq-15iax9-i5-12e-gen-8-go-512-ssd-rtx-2050-gris-avec-souris-rvb-m100.html,Pc Portable LENOVO  Gaming LOQ 15IAX9 | Intel i5 - RTX 3050 - 8Go - SSD 512 - Gris + Souris Gamer,,https://www.graiet.tn/media/catalog/product/cache/595488aa9cf14b0e44a19e9859f2c227/p/c/pc-portable-gaming-lenovo-loq-15iax9-i5-12e-gen-8-go-512-ssd-rtx-2050-gris-avec-souris-rvb-m100.webp,graiet,15.6 “,Full HD 1080p,Intel Core i5 12è Gén,,8 G,512 Go SSD,,NVIDIA GeForce RTX 3050,FreeDos,Oui,"2 429,00 TND"
BU-FA506NFR-HN005W-24,https://www.graiet.tn/pc-portable-gaming-asus-tuf-a15-ryzen-7-24go-rtx-2050-512ssd-win-11-noir.html,PC Portable ASUS TUF A15 – Ryzen 7 – RTX 2050 – 24Go – 512 SSD,,https://www.graiet.tn/media/catalog/product/cache/595488aa9cf14b0e44a19e9859f2c227/p/c/pc-portable-gaming-asus-tuf-a15-ryzen-7-24go-rtx-2050-512ssd-win-11-noir_5_.webp,graiet,15.6 “,Full HD 1080p,Hélio G99,,24Go,512 Go SSD,,GeForce RTX 2050,Windows 11,Oui,"2 439,00 TND"
9S7-16R831-2607-16G_,https://www.graiet.tn/msi-pc-portable-gamer-thin-15-b13ucx-i7-13620h-16go-512ssd-rtx2050-fd-noir.html,PC Portable Gamer MSI Thin 15 i7 13e Gén RTX 2050 16Go SSD 512Go,,https://www.graiet.tn/media/catalog/product/cache/595488aa9cf14b0e44a19e9859f2c227/p/c/pc-portable-gamer-msi-thin-15-b13ucx-i7-13620h-16go-512ssd-rtx2050-fd-noir_3_.webp,graiet,15.6 “,Full HD 1080p,Intel Core  i7 13è Gén,,16 G,512 Go SSD,,GeForce RTX 2050,FreeDos,Oui,"2 449,00 TND"
6U8W2EA,https://www.graiet.tn/hp-pc-portable-gamer-victus-15-6u8w2ea-ryzen-5-5600h-8g-512ssd-rtx-3050-win11.html,Pc Portable HP Gamer VICTUS 15 | i5 - 8 Go - 512SSD - RYZEN 5 - RTX3050 - WIN11 - Noir,,https://www.graiet.tn/media/catalog/product/cache/595488aa9cf14b0e44a19e9859f2c227/p/c/pc-portable-gamer-hp-victus-15-6u8w2ea-ryzen-5-5600h-8g-512ssd-rtx-3050-win11_5_.webp,graiet,15.6 “,Full HD 1080p,Hélio G99,,8 G,512 Go SSD,,NVIDIA GeForce RTX 3050,Windows 11,Oui,"2 479,00 TND"
9U175EA-8G,https://www.graiet.tn/hp-pc-portable-gamer-victus-15-9u1b8ea-ryzen-5-5600h-8go-512ssd-rtx3050-win11.html,Pc Portable Gamer HP VICTUS 15 | 8 Go - 512 SSD - RTX3050 - 9U1B8EA - Blanc,,https://www.graiet.tn/media/catalog/product/cache/595488aa9cf14b0e44a19e9859f2c227/p/c/pc-portable-gamer-hp-victus-15-9u1b8ea-ryzen-5-5600h-8go-512ssd-rtx3050-win11-blanc_3_.webp,graiet,15.6 “,Full HD 1080p,Hélio G99,,8 G,512 Go SSD,,NVIDIA GeForce RTX 3050,Windows 11,Oui,"2 479,00 TND"
9U175EA-32G,https://www.graiet.tn/hp-pc-portable-gamer-victus-15-9u175ea-i5-13e-gen-32go-512ssd-rtx2050-win11.html,Pc Portable HP Gamer VICTUS 15 | Intel i5 - 32 Go - 512 SSD -  GeForce RTX 2050 - Noir,,https://www.graiet.tn/media/catalog/product/cache/595488aa9cf14b0e44a19e9859f2c227/p/c/pc-portable-hp-gamer-victus-15-9u175ea-i5-13e-gen-32go-512ssd-rtx2050-win11_2_.webp,graiet,15.6 “,Full HD 1080p,Intel Core i5 13é Gén,,32Go,512 Go SSD,,GeForce RTX 2050,Windows 11,Oui,"2 479,00 TND"
9S7-15 B13UCX-24G,https://www.graiet.tn/pc-portable-msi-gamer-thin-15-b13ucx-i7-13620h-24go-512ssd-rtx2050-fd-noir.html,PC Portable Gamer MSI Thin 15 i7 13e Gén RTX 2050 24Go SSD 512,,https://www.graiet.tn/media/catalog/product/cache/595488aa9cf14b0e44a19e9859f2c227/p/c/pc-portable-msi-thin-15-i5-13e-gen-16go-512ssd-rtx2050-fd-noir_1__1_3.webp,graiet,15.6 “,Full HD 1080p,Intel Core  i7 13è Gén,,24Go,512 Go SSD,,GeForce RTX 2050,FreeDos,Oui,"2 499,00 TND"
V3607VJ-RP086-16G-W11,https://www.graiet.tn/pc-portable-gamer-asus-v16-i5-rtx-3050-16-go-windows-11.html,PC Portable Gamer ASUS V16 – i5 – RTX 3050 – 16 Go – Windows 11,,https://www.graiet.tn/media/catalog/product/cache/595488aa9cf14b0e44a19e9859f2c227/p/c/pc-portable-gamer-asus-v16-i5-rtx-3050-16-go-windows-11.webp,graiet,"16""",Full HD 1080p,Intel  Core i5 210H,,16 G,512 Go SSD,,NVIDIA GeForce GTX 1660,FreeDos,Oui,"2 509,00 TND"
83GS00GHFG-2Y-16G,https://www.graiet.tn/pc-portable-gaming-lenovo-loq-15iax9-i5-12e-gen-16go-512ssd-rtx-2050-gris-avec-souris-rvb-offert.html,PC Gamer LENOVO LOQ 15IAX9 | i5 12e Gen - RTX 3050 - 16Go + Souris Gaming Offert,,https://www.graiet.tn/media/catalog/product/cache/595488aa9cf14b0e44a19e9859f2c227/p/c/pc-portable-gaming-lenovo-loq-15iax9-i5-12e-gen-8-go-512-ssd-rtx-2050-gris-avec-souris-rvb-m100_1_1.webp,graiet,15.6 “,Full HD 1080p,Intel Core i5 12è Gén,,8 G,512 Go SSD,,NVIDIA GeForce RTX 3050,FreeDos,Oui,"2 529,00 TND"
BU-FA506NFR-HN005W-32,https://www.graiet.tn/pc-portable-gaming-asus-tuf-a15-ryzen-7-32go-rtx-2050-512ssd-win-11-noir.html,PC Portable ASUS TUF A15 – Ryzen 7 – RTX 2050 – 32Go – Windows 11,,https://www.graiet.tn/media/catalog/product/cache/595488aa9cf14b0e44a19e9859f2c227/p/c/pc-portable-gaming-asus-tuf-a15-ryzen-7-32go-rtx-2050-512ssd-win-11-noir_1_.webp,graiet,15.6 “,Full HD 1080p,Hélio G99,,32Go,512 Go SSD,,GeForce RTX 2050,Windows 11,Oui,"2 559,00 TND"
83GS00GHFG-2Y-24G,https://www.graiet.tn/pc-portable-gaming-lenovo-loq-15iax9-i5-12e-gen-24go-512ssd-rtx-3050-gris-avec-souris-rvb-offert.html,PC Portable LENOVO LOQ Gaming | i5 12e Gén - 24Go - RTX 3050 + Souris Offerte,,https://www.graiet.tn/media/catalog/product/cache/595488aa9cf14b0e44a19e9859f2c227/p/c/pc-portable-lenovo-loq-ai-i7-13e-gen-16go-512ssd-rtx-3050-souris-gaming-m100_5__2_.webp,graiet,15.6 “,Full HD 1080p,Intel Core i5 12è Gén,,24Go,512 Go SSD,,NVIDIA GeForce RTX 3050,FreeDos,Oui,"2 579,00 TND"
V3607VJ-RP086-16G,https://www.graiet.tn/pc-portable-gamer-asus-v16-intel-core-i5-ram-16-go-rtx-3050-6go-sac-a-dos.html,PC Portable Gamer ASUS V16 | Intel Core i5 - RAM 16 Go - RTX 3050 6Go + Sac à Dos,,https://www.graiet.tn/media/catalog/product/cache/595488aa9cf14b0e44a19e9859f2c227/p/c/pc-portable-gamer-asus-v16-intel-core-i5-ram-16-go-rtx-3050-6go-sac-a-dos.webp,graiet,15.6 “,Full HD 1080p,Intel Core i5 13é Gén,,16 G,512 Go SSD,,NVIDIA GeForce RTX 3050,FreeDos,Non,"2 589,00 TND"
9S7-16R831-2606-32G,https://www.graiet.tn/pc-portable-gamer-msi-thin-15-b13ucx-i7-13620h-8go-512ssd-rtx2050-fd-noir.html,PC Portable Gamer MSI Thin 15” i7 RTX 2050 32Go 512 SSD,,https://www.graiet.tn/media/catalog/product/cache/595488aa9cf14b0e44a19e9859f2c227/p/c/pc-portable-msi-thin-15-i5-13e-gen-32go-512ssd-rtx2050-fd-noir.webp,graiet,15.6 “,Full HD 1080p,Intel Core  i7 13è Gén,,32Go,512 Go SSD,,GeForce RTX 2050,FreeDos,Oui,"2 619,00 TND"
9S7-16R831-2606-32G-W11,https://www.graiet.tn/pc-portable-msi-thin-15-i7-rtx-2050-32go-windows-11.html,PC Portable MSI Thin 15” i7 RTX 2050 32Go Windows 11,,https://www.graiet.tn/media/catalog/product/cache/595488aa9cf14b0e44a19e9859f2c227/p/c/pc-portable-msi-thin-15-i7-rtx-2050-32go-windows-11.webp,graiet,15.6 “,Full HD 1080p,Intel Core  i7 13è Gén,,32Go,512 Go SSD,,GeForce RTX 2050,Windows 11,Oui,"2 639,00 TND"
V3607VJ-RP086-24G,https://www.graiet.tn/pc-portable-gamer-asus-v16-intel-core-i5-ram-24-go-rtx-3050-sac-a-dos.html,PC Portable Gamer ASUS V16 | Intel Core i5 - RAM 24 Go - RTX 3050 + Sac à Dos,,https://www.graiet.tn/media/catalog/product/cache/595488aa9cf14b0e44a19e9859f2c227/p/c/pc-portable-gamer-asus-v16-intel-core-i5-ram-24-go-rtx-3050-sac-a-dos.webp,graiet,15.6 “,Full HD 1080p,Intel  Core i5 210H,,24Go,512 Go SSD,,NVIDIA GeForce RTX 3050,FreeDos,Oui,"2 649,00 TND"
9S7-16R831-2419,https://www.graiet.tn/pc-portable-msi-thin-15-b12uc-i5-12e-gen-16go-rtx-3050-win-11.html,PC PORTABLE GAMER | MSI - THIN 15 B12UC | i5 12é Gén - 16GO - RTX 3050 - WIN 11,,https://www.graiet.tn/media/catalog/product/cache/595488aa9cf14b0e44a19e9859f2c227/p/c/pc-portable-msi-thin-15-b12uc-i5-12e-gen-16go-rtx-3050-512go-ssd-win-11_2_.webp,graiet,15.6 “,Full HD 1080p,Intel Core i5 12è Gén,,16 G,512 Go SSD,,NVIDIA GeForce RTX 3050,Windows 11,Oui,"2 669,00 TND"
83GS00GHFG-2Y-32G,https://www.graiet.tn/pc-portable-gaming-lenovo-loq-15iax9-i5-12e-gen-32go-512ssd-rtx-3050-gris-avec-souris-rvb-offert.html,PC Portable LENOVO LOQ Gaming | i5 - RTX 3050 - 32Go - SSD 512Go + Souris,,https://www.graiet.tn/media/catalog/product/cache/595488aa9cf14b0e44a19e9859f2c227/p/c/pc-portable-lenovo-loq-ai-i7-13e-gen-16go-512ssd-rtx-3050-souris-gaming-m100_5__2__1.webp,graiet,15.6 “,Full HD 1080p,Intel Core i5 12è Gén,,,512 Go SSD,,NVIDIA GeForce GTX 1660,FreeDos,Non,"2 689,00 TND"
G15-5530-I5-3Y,https://www.graiet.tn/dell-g15-pc-portable-gaming-i5-13e-gen-16go-512ssd-rtx3050-gris.html,Pc Portable DELL Gaming G15 | Intel i5 - 16Go - 512SSD - GeForce RTX3050  -  Gris,,https://www.graiet.tn/media/catalog/product/cache/595488aa9cf14b0e44a19e9859f2c227/p/c/pc-portable-gaming-dell-g15-i5-13e-gen-16go-512ssd-rtx3050-gris_1.webp,graiet,15.6 “,Full HD 1080p,Intel Core i5 13é Gén,,16 G,512 Go SSD,,NVIDIA GeForce RTX 3050,FreeDos,Oui,"2 699,00 TND"
83GS00GHFG-2Y-32G-W11,https://www.graiet.tn/pc-portable-lenovo-loq-gaming-i5-rtx-3050-32go-windows-11-souris.html,PC Portable LENOVO LOQ Gaming | i5 - RTX 3050 - 32Go - Windows 11 + Souris,,https://www.graiet.tn/media/catalog/product/cache/595488aa9cf14b0e44a19e9859f2c227/p/c/pc-portable-lenovo-loq-gaming-i5-rtx-3050-32go-windows-11-souris.webp,graiet,15.6 “,Full HD 1080p,Intel Core i5 12è Gén,,32Go,512 Go SSD,,NVIDIA GeForce RTX 3050,Windows 11,Oui,"2 709,00 TND"
V3607VJ-RP086-32G,https://www.graiet.tn/pc-portable-gamer-asus-v16-intel-core-i5-ram-32-go-rtx-3050-ssd-512-go.html,PC Portable Gamer ASUS V16 | Intel Core i5 - RAM 32 Go - RTX 3050 - SSD 512 Go,,https://www.graiet.tn/media/catalog/product/cache/595488aa9cf14b0e44a19e9859f2c227/p/c/pc-portable-gamer-asus-v16-intel-core-i5-ram-24-go-rtx-3050-ssd-512-go.webp,graiet,15.6 “,Full HD 1080p,Intel Core i5 13é Gén,,32Go,512 Go SSD,,NVIDIA GeForce RTX 3050,FreeDos,Oui,"2 719,00 TND"
V3607VJ-RP109,https://www.graiet.tn/pc-portable-asus-intel-i7-240h-rtx-3050-8-go-ddr5-ssd-512-16-v3607vj-rp109-sac-offert.html,PC Portable Gamer ASUS  V16 | Intel Core i7 - RTX 3050 - 16 pouces - SSD 512 + Sac à Dos,,https://www.graiet.tn/media/catalog/product/cache/595488aa9cf14b0e44a19e9859f2c227/p/c/pc-portable-asus-intel-i7-240h-rtx-3050-8-go-ddr5-ssd-512-16-v3607vj-rp109-sac-offert.webp,graiet,"16""",Full HD 1080p,Intel Core7 - 240H,,8 G,512 Go SSD,,NVIDIA GeForce RTX 3050,FreeDos,Oui,"2 769,00 TND"
9S7-16R831-2605,https://www.graiet.tn/msi-pc-portable-gamer-thin-15-b13uc-i5-13420h-8go-512ssd-rtx-3050-fd-gris.html,Pc Portable MSI Thin 15 | Intel i5 - 13 Gén - 8Go - 512SSD - RTX 3050/FD - B13UC - Noir,,https://www.graiet.tn/media/catalog/product/cache/595488aa9cf14b0e44a19e9859f2c227/p/c/pc-portable-gamer-msi-thin-15-b13uc-i5-13420h-8go-512ssd-rtx-3050-fd-gris_3_1.webp,graiet,15.6 “,Full HD 1080p,Intel Core i5 13é Gén,,8 G,512 Go SSD,,NVIDIA GeForce RTX 3050,FreeDos,Oui,"2 789,00 TND"
83LK006QFG,https://www.graiet.tn/pc-portable-lenovo-loq-i5-12e-gen-16go-512ssd-rtx-4050-win-11-souris-m100.html,PC PORTABLE LENOVO LOQ | I5 12é Gén - 16GO - 512SSD - RTX 4050 - WIN 11 + SOURIS M100,,https://www.graiet.tn/media/catalog/product/cache/595488aa9cf14b0e44a19e9859f2c227/p/c/pc-portable-lenovo-loq-i5-12e-gen-16go-512ssd-rtx-3050-win11-souris-m100_1.webp,graiet,15.6 “,Full HD 1080p,Intel Core i5 12è Gén,,16 G,512 Go SSD,,GeForce RTX4050,Windows 11,Oui,"2 789,00 TND"
83DV00JRFG,https://www.graiet.tn/pc-portable-lenovo-loq-ai-i7-13e-gen-16go-512ssd-rtx-3050-souris-gaming.html,Pc Portable LENOVO LOQ | i7 13é Gén - 16Go - 512SSD - RTX 3050| + Souris Gaming,,https://www.graiet.tn/media/catalog/product/cache/595488aa9cf14b0e44a19e9859f2c227/p/c/pc-portable-lenovo-loq-ai-i7-13e-gen-16go-512ssd-rtx-3050-souris-gaming-m100_5_.webp,graiet,15.6 “,Full HD 1080p,Intel Core  i7 13è Gén,,16 G,512 Go SSD,,NVIDIA GeForce RTX 3050,FreeDos,Oui,"2 799,00 TND"
V3607VU-RP209,https://www.graiet.tn/pc-portable-asus-intel-i5-210h-rtx-4050-16-pouces-512ssd-avec-sac-a-dos.html,PC Portable Gamer ASUS V16 – i5 13e Gén – RTX 4050 – 512 Go SSD,,https://www.graiet.tn/media/catalog/product/cache/595488aa9cf14b0e44a19e9859f2c227/p/c/pc-portable-asus-intel-i5-210h-rtx-4050-16-pouces-512ssd-sac-a-dos-v3607vu-rp209_3_.webp,graiet,"16""",Full HD 1080p,Intel  Core i5 210H,,8 G,512 Go SSD,,GeForce RTX4050,FreeDos,Oui,"2 799,00 TND"
9S7-16R831-2683,https://www.graiet.tn/pc-portable-msi-gaming-thin-15-b13ve-intel-i5-rtx-4050-16-go-ram.html,PC Portable MSI | i5 – RTX 4050 – 16 Go – 512 SSD,,https://www.graiet.tn/media/catalog/product/cache/595488aa9cf14b0e44a19e9859f2c227/p/c/pc-portable-msi-gaming-thin-15-b13ve-intel-i5-rtx-4050-16-go-ram-avec-imprimante-canon.jpg,graiet,15.6 “,Full HD 1080p,Intel Core i5 13é Gén,,16 G,512 Go SSD,,GeForce RTX4050,FreeDos,Oui,"2 799,00 TND"
83DV00JRFG-24G,https://www.graiet.tn/pc-portable-lenovo-loq-i7-13e-gen-24-go-512ssd-rtx-3050-souris-gaming.html,PC Portable LENOVO LOQ i7 24Go RTX 3050 + Souris Gamer,,https://www.graiet.tn/media/catalog/product/cache/595488aa9cf14b0e44a19e9859f2c227/p/c/pc-portable-lenovo-loq-i7-13e-gen-24-go-512ssd-rtx-3050-souris-gaming.webp,graiet,15.6 “,Full HD 1080p,Intel Core  i7 13è Gén,,24Go,512 Go SSD,,NVIDIA GeForce RTX 3050,FreeDos,Oui,"2 869,00 TND"
83LK006TFG,https://www.graiet.tn/pc-portable-lenovo-loq-i7-12e-gen-16go-512ssd-rtx-4050-win11-souris-m100.html,PC PORTABLE LENOVO LOQ | i7 12é Gén - 16GO - 512SSD - RTX 4050 - WIN11 + SOURIS M100,,https://www.graiet.tn/media/catalog/product/cache/595488aa9cf14b0e44a19e9859f2c227/p/c/pc-portable-lenovo-loq-i7-12e-gen-16go-512ssd-rtx-4050-win11-souris-m100.webp,graiet,15.6 “,Full HD 1080p,Intel Core i7 12è Gén,,16 G,512 Go SSD,,GeForce RTX4050,Windows 11,Oui,"2 899,00 TND"
BU-83DV00JRFG-32G,https://www.graiet.tn/pc-portable-lenovo-loq-i7-13e-gen-32go-512ssd-rtx-3050-souris-gaming.html,PC Portable LENOVO LOQ i7 32Go RTX 3050 + Souris Gamer,,https://www.graiet.tn/media/catalog/product/cache/595488aa9cf14b0e44a19e9859f2c227/p/c/pc-portable-lenovo-loq-ai-i7-13e-gen-16go-512ssd-rtx-3050-souris-gaming-m100_5__1_.webp,graiet,"19,5""",(960 x 480) Pixels,Hélio G99,,,64 Go eMMC,,NVIDIA GeForce GTX 1660,Android 14,Non,"2 919,00 TND"
V3607VJ-RP109-16G,https://www.graiet.tn/pc-portable-gamer-asus-v16-intel-core-i7-ram-16-go-rtx-3050-6go-sac-a-dos.html,PC Portable Gamer ASUS  V16 | Intel Core i7 - RAM 16 Go - RTX 3050 6Go + Sac à Dos,,https://www.graiet.tn/media/catalog/product/cache/595488aa9cf14b0e44a19e9859f2c227/p/c/pc-portable-gamer-asus-v16-intel-core-i7-ram-16-go-rtx-3050-6go-sac-a-dos.webp,graiet,15.6 “,Full HD 1080p,Intel Core  i7 13è Gén,,16 G,512 Go SSD,,NVIDIA GeForce GTX 1660,FreeDos,Non,"2 935,00 TND"
V3607VJ-RP109-24G,https://www.graiet.tn/pc-portable-gamer-asus-v16-intel-core-i7-ram-24-go-rtx-3050-ssd-512-sac-a-dos.html,PC Portable Gamer ASUS  V16 | Intel Core i7 - RAM 24 Go - RTX 3050 - SSD 512 + Sac à Dos,,https://www.graiet.tn/media/catalog/product/cache/595488aa9cf14b0e44a19e9859f2c227/p/c/pc-portable-gamer-asus-v16-intel-core-i7-ram-24-go-rtx-3050-ssd-512-sac-a-dos.webp,graiet,15.6 “,Full HD 1080p,Intel Core i7-240H,,24Go,512 Go SSD,,NVIDIA GeForce RTX 3050,FreeDos,Oui,"2 979,00 TND"
83LK006QFG-32G,https://www.graiet.tn/pc-portable-lenovo-loq-i5-12e-gen-32-go-512ssd-rtx-4050-win-11-souris-m100.html,PC PORTABLE LENOVO LOQ | I5 12é Gén - 32 GO - 512SSD - RTX 4050 - WIN 11 + SOURIS M100,,https://www.graiet.tn/media/catalog/product/cache/595488aa9cf14b0e44a19e9859f2c227/p/c/pc-portable-lenovo-loq-ai-i7-13e-gen-16go-512ssd-rtx-3050-souris-gaming-m100_5__5__1.webp,graiet,15.6 “,Full HD 1080p,Intel Core i5 12è Gén,,32Go,512 Go SSD,,GeForce RTX4050,Windows 11,Oui,"2 989,00 TND"
9S7-16R831-2604,https://www.graiet.tn/pc-portable-msi-gaming-intel-i7-rtx-4050-512-ssd-16-ram-gris-cosmos-thin-15-b13.html,PC Portable MSI Gaming | Intel i7 - RTX 4050 - SSD 512 Go - 16 RAM - Gris Cosmos / Thin 15 B13,,https://www.graiet.tn/media/catalog/product/cache/595488aa9cf14b0e44a19e9859f2c227/p/c/pc-portable-msi-gaming-intel-i7-rtx-4050-512-ssd-16-ram-gris-cosmos-thin-15-b13.webp,graiet,15.6 “,Full HD 1080p,Intel Core  i7 13è Gén,,16 G,512 Go SSD,,GeForce RTX4050,FreeDos,Oui,"2 999,00 TND"
V3607VU-RP246,https://www.graiet.tn/pc-portable-asus-gamer-v16-v3607vj-intel-core-7-rtx-4050-6go-8-go-ddr5-noir-mat.html,Pc Portable Gamer ASUS  V16 | Intel Core i7 - RTX 4050 6Go - 8 Go DDR5 - Noir Mat,,https://www.graiet.tn/media/catalog/product/cache/595488aa9cf14b0e44a19e9859f2c227/p/c/pc-portable-asus-gamer-v16-v3607vj-intel-core-7-rtx-4050-6go-8-go-ddr5-noir-mat.webp,graiet,"16""",WXGA (1280x800) pixels,Intel Core7 - 240H,,8 G,512 Go SSD,,GeForce RTX4050,FreeDos,Oui,"3 049,00 TND"
A13VF-15K 111-1492,https://www.graiet.tn/msi-pc-portable-cyborg-15-a13vf-i5-13420h-8go-512ssd-rtx4060-fd-noir.html,Pc Portable MSI CYBORG 15 | Intel i5 - 12 Gén - 8Go - 512SSD - RTX4060/FD - A13VF - Noir,,https://www.graiet.tn/media/catalog/product/cache/595488aa9cf14b0e44a19e9859f2c227/p/c/pc-portable-msi-cyborg-15-a13vf-i5-13420h-8go-512ssd-rtx4060-fd-noir_4_.webp,graiet,15.6 “,Full HD 1080p,i5 13è Gén,,8 G,512 Go SSD,,GeForce RTX 4060,Windows 11,Oui,"3 189,00 TND"
83LK006TFG-32G,https://www.graiet.tn/pc-portable-lenovo-loq-i7-12e-gen-32go-512ssd-rtx-4050-win11-souris-m100.html,PC PORTABLE LENOVO LOQ | i7 12é Gén - 32GO - 512SSD - RTX 4050 - WIN11 + SOURIS M100,,https://www.graiet.tn/media/catalog/product/cache/595488aa9cf14b0e44a19e9859f2c227/p/c/pc-portable-lenovo-loq-ai-i7-13e-gen-16go-512ssd-rtx-3050-souris-gaming-m100_5__4__1.webp,graiet,15.6 “,Full HD 1080p,Intel Core i5 13é Gén,,32Go,512 Go SSD,,GeForce RTX4050,Windows 11,Oui,"3 199,00 TND"
V3607VU-RP246-16G,https://www.graiet.tn/pc-portable-gamer-asus-v16-intel-core-i7-ddr5-16go-rtx-4050-sac-a-dos.html,Pc Portable Gamer ASUS V16 | Intel Core i7 -  DDR5 16Go - RTX 4050  + Sac à Dos,,https://www.graiet.tn/media/catalog/product/cache/595488aa9cf14b0e44a19e9859f2c227/p/c/pc-portable-asus-gaming-v16-v3607vj-intel-core-7-rtx-4050-6go-8-go-ddr5-noir-mat.webp,graiet,"16""",Full HD 1080p,Intel Core i7-240H,,16 G,512 Go SSD,,GeForce RTX4050,FreeDos,Oui,"3 239,00 TND"
V3607VU-RP246-24G,https://www.graiet.tn/pc-portable-gamer-asus-v16-intel-core-i7-24-go-ddr5-rtx-4050-6go-noir.html,Pc Portable Gamer ASUS  V16 | Intel Core i7 - 24 Go DDR5 - RTX 4050 6Go - Noir,,https://www.graiet.tn/media/catalog/product/cache/595488aa9cf14b0e44a19e9859f2c227/p/c/pc-portable-gamer-asus-v16-intel-core-i7-24-go-ddr5-rtx-4050-6go-noir_2_.webp,graiet,"16""",Full HD 1080p,Intel Core i7-240H,,24Go,512 Go SSD,,GeForce RTX4050,FreeDos,Oui,"3 299,00 TND"
15-k111-1493,https://www.graiet.tn/msi-pc-portable-cyborg-15-a13ve-i7-13620h-8go-512ssd-rtx-4050-fd-noir.html,Pc Portable MSI CYBORG 15 | Intel i7 - 12 Gén - 8Go - 512SSD - RTX4060/FD - A13VF - Noir,,https://www.graiet.tn/media/catalog/product/cache/595488aa9cf14b0e44a19e9859f2c227/p/c/pc-portable-msi-cyborg-15-a13ve-i7-13620h-8go-512ssd-rtx-4050-fd-noir_4_.webp,graiet,15.6 “,Full HD 1080p,Intel Core  i7 13è Gén,,8 G,512 Go SSD,,GeForce RTX4050,FreeDos,Oui,"3 329,00 TND"
9S7-15K111-1491,https://www.graiet.tn/msi-pc-portable-cycborg-15-a13vf-i7-13620h-8go-512ssd-rtx4060-fd-noir.html,Pc Portable Gamer MSI Cyborg 15 A13VF | Intel i7 - 8 Go - 512 SSD - Nvidia RTX 4060 - Noir,,https://www.graiet.tn/media/catalog/product/cache/595488aa9cf14b0e44a19e9859f2c227/p/c/pc-portable-msi-cyborg-15-a13ve-i7-13620h-8go-512ssd-rtx-4050-fd-noir_4__1.webp,graiet,15.6 “,Full HD 1080p,Intel Core  i7 13è Gén,,8 G,512 Go SSD,,GeForce RTX 4060,FreeDos,Oui,"3 339,00 TND"
V3607VU-RP246-32G,https://www.graiet.tn/pc-portable-gamer-asus-v16-intel-core-i7-32-go-rtx-4050-ssd-512-go.html,Pc Portable Gamer ASUS  V16 | Intel Core i7 - RAM 32 Go - RTX 4050 - SSD 512 Go,,https://www.graiet.tn/media/catalog/product/cache/595488aa9cf14b0e44a19e9859f2c227/p/c/pc-portable-gaming-asus-v16-intel-core-i7-32-go-rtx-4050-ssd-512-go.webp,graiet,"16""",Full HD 1080p,Intel Core i7-240H,,32Go,512 Go SSD,,GeForce RTX4050,FreeDos,Oui,"3 359,00 TND"
9S7-17L541-1439,https://www.graiet.tn/pc-portable-msi-katana-17-b13udxk-intel-core-i7-ram-8go-geforce-rtx-3050-noir.html,PC Portable Gamer MSI KATANA 17 B13UDXK | Intel Core i7 – RAM 8Go – GeForce RTX 3050 – Noir,,https://www.graiet.tn/media/catalog/product/cache/595488aa9cf14b0e44a19e9859f2c227/p/c/pc-portable-msi-katana-17-pouces-intel-core-i7-ram-8go-geforce-rtx-3050-noir-b13udxk_4_.webp,graiet,17.3″,Full HD 1080p,Intel Core  i7 13è Gén,,8 G,512 Go SSD,,NVIDIA GeForce RTX 3050,FreeDos,Oui,"3 419,00 TND"
9S7-15K111-1491-16G,https://www.graiet.tn/pc-portable-gamer-msi-cyborg-15-a13vf-intel-core-i7-ram-16-go-geforce-rtx-4060-noir.html,Pc Portable Gamer MSI Cyborg 15 A13VF | Intel Core i7 - RAM 16 Go - GeForce RTX 4060 - Noir,,https://www.graiet.tn/media/catalog/product/cache/595488aa9cf14b0e44a19e9859f2c227/p/c/pc-portable-gamer-msi-cyborg-15-a13vf-intel-core-i7-ram-16-go-geforce-rtx-4060-noir_2_.webp,graiet,15.6 “,Full HD 1080p,Intel Core  i7 13è Gén,,16 G,512 Go SSD,,GeForce RTX 4060,FreeDos,Oui,"3 429,00 TND"
9S7-15K111-1491-24G,https://www.graiet.tn/pc-portable-gamer-msi-cyborg-15-a13vf-intel-core-i7-ram-24-go-rtx-4060-sac-a-dos.html,Pc Portable Gamer MSI Cyborg 15 A13VF | Intel Core i7 - RAM 24 Go - RTX 4060 + Sac à Dos,,https://www.graiet.tn/media/catalog/product/cache/595488aa9cf14b0e44a19e9859f2c227/p/c/pc-portable-gamer-msi-cyborg-15-a13vf-intel-core-i7-ram-16-go-geforce-rtx-4060-noir_3_.webp,graiet,15.6 “,Full HD 1080p,Intel Core  i7 13è Gén,,24Go,512 Go SSD,,GeForce RTX 4060,FreeDos,Oui,"3 489,00 TND"
9S7-15K111-1491-32G,https://www.graiet.tn/pc-portable-gamer-msi-cyborg-15-a13vf-intel-core-i7-ram-32-go-geforce-rtx-4060-noir.html,Pc Portable Gamer MSI Cyborg 15 A13VF | Intel Core i7 - RAM 32 Go - RTX 4060 - SSD 512 Go,,https://www.graiet.tn/media/catalog/product/cache/595488aa9cf14b0e44a19e9859f2c227/p/c/pc-portable-gamer-msi-cyborg-15-a13vf-intel-core-i7-ram-32-go-geforce-rtx-4060-noir.webp,graiet,"19,5""",(960 x 480) Pixels,Hélio G99,,,64 Go eMMC,,NVIDIA GeForce GTX 1660,Android 14,Non,"3 639,00 TND"
9S7-15K-111-680,https://www.graiet.tn/msi-pc-portable-gaming-msi-cyborg-15-a13vf-i5-13gen-16go-512ssd-rtx4060-noir.html,Pc Portable Gamer MSI Cyborg 15 A13VF | 16 Go - 512Go SSD - Nvidia GeForce RTX 4060 - Noir,,https://www.graiet.tn/media/catalog/product/cache/595488aa9cf14b0e44a19e9859f2c227/p/c/pc-portable-gaming-msi-cyborg-15-a13vf-i5-13gen-16go-512ssd-rtx4060-noir_5_.jpg,graiet,15.6 “,Full HD 1080p,i5 13è Gén,,16 G,512 Go SSD,,GeForce RTX 4060,Windows 11,Oui,"3 699,00 TND"
9S7-17L541-1438,https://www.graiet.tn/pc-portable-gamer-msi-katana-17-b13vfk-i7-16-go-rtx-4060-ecran-17.html,"PC Portable Gamer MSI Katana 17 B13VFK – i7 – 16 Go – RTX 4060 – Écran 17""",,https://www.graiet.tn/media/catalog/product/cache/595488aa9cf14b0e44a19e9859f2c227/p/c/pc-portable-gamer-msi-katana-17-b13vfk-i7-16-go-rtx-4060-ecran-17.webp,graiet,17.3″,Full HD 1080p,Intel Core  i7 13è Gén,,16 G,512 Go SSD,,GeForce RTX 4060,FreeDos,Oui,"4 099,00 TND"
G15-5530I7-1TSSD3Y,https://www.graiet.tn/pc-portable-gaming-dell-g15-i7-13e-gen-16go-1tossd-rtx4060-gris.html,Pc Portable Gaming DELL G15 | i7 - 13é Gén - 16Go - 1ToSSD - RTX4060  -  Gris,,https://www.graiet.tn/media/catalog/product/cache/595488aa9cf14b0e44a19e9859f2c227/p/c/pc-portable-gaming-dell-g15-i7-13e-gen-16go-1tossd-rtx4060-gris_1_.webp,graiet,15.6 “,Full HD 1080p,Intel Core  i7 13è Gén,,16 G,1 To SSD,,GeForce RTX 4060,FreeDos,Oui,"4 159,00 TND"
